BABY PRODUCTS,BISCUITS / CAKE / CHIPS / SNAKS,CHOCOLATE,COOKING OIL,COOL DRINKS / FRUIT JUICES / MILK SHAKES / SARBATHS,DEO / PERFUME,DISHWASHER / BATHROOM / FLOOR CLEANERS,DRY FRUITS,ELECTRONICS,FACE WASH / CREAM / MIOSTURIZER,HAIR COLOUR,HAIR OIL,HAND WASH / SANITISER,HONEY,ICE CREAM,KELLOGGS / OATS,KIRANA,KITCHEN ITEMS,LADIES ITEMS,MEDICAL,MILK POWDER / INSTANT DRINKS,OTHERS,PAPAD / MAKANI,PESTICIDES / MOSQUITO REPELLENTS,PICKLE,POOJA ITEMS,READY TO EAT,RICE,ROOM FRESHENER,SHAMPOO / BODY WASH,SHAVING,SOAP,SOUPS / SAUCES / POPCORNS / PASTA,SPICES,SPREADS / JAMS,STATIONERY,SWEETS,TALC,TEA / COFFEE,TOOTH PASTE / BRUSH,TOYS,VERMECELLI / NOODLES / MACARONI / PASTA,WASHING / DETERGENTS
1,2,1,1,2,1,1,1,2,1,1,1,1,1,1,4,1,1,1,1,1,1,1,1,1,1,1,1,1,15,1,1,1,4,17,1,1,1,1,1,1,1,1
1,1,1,2,1,1,1,1,12,1,1,1,1,1,1,4,1,1,1,1,1,1,1,1,1,1,1,1,1,5,1,1,2,1,6,1,1,2,1,1,2,2,1
4,1,1,1,2,1,1,1,3,1,1,1,1,2,2,4,1,1,1,1,2,2,1,1,1,1,1,1,1,1,1,2,1,1,1,1,1,1,12,1,1,2,1
1,1,2,2,1,1,1,1,3,1,1,1,1,1,1,1,1,1,1,1,1,1,1,4,2,1,1,1,1,1,3,1,1,1,1,1,1,1,1,1,1,2,2
1,1,1,1,1,1,1,1,2,1,1,1,1,2,1,1,1,1,1,1,1,1,1,1,1,1,1,1,1,5,1,1,2,2,1,1,1,1,1,1,1,2,2
1,1,1,1,1,1,1,1,1,1,1,1,1,1,1,2,1,1,1,1,1,1,1,1,1,1,1,1,1,1,20,1,2,1,1,1,1,1,1,1,1,4,1
2,1,15,1,1,1,2,1,1,1,1,1,1,1,1,1,1,1,1,1,2,1,1,1,1,1,1,1,1,1,1,2,1,2,1,2,1,1,1,1,,1,2
4,1,2,1,1,1,1,1,1,1,1,1,1,1,1,1,1,1,1,1,1,1,1,1,1,1,1,1,1,1,10,1,1,1,1,1,1,1,1,1,,1,1
1,1,1,2,1,1,2,1,2,1,1,1,1,1,1,1,1,1,1,2,1,1,1,1,1,2,1,1,1,2,3,2,1,1,1,1,1,1,14,2,,1,4
1,1,1,2,1,1,2,1,5,1,1,1,,1,1,2,1,3,1,2,1,1,2,1,1,1,1,1,1,1,1,2,1,1,,1,1,1,14,1,,2,2
1,1,1,1,3,1,1,1,2,1,2,1,,1,1,1,1,1,3,5,1,1,1,1,1,1,1,1,1,1,1,1,1,1,,1,1,1,26,1,,1,1
1,2,2,1,1,1,1,1,1,1,1,1,,1,1,1,1,1,1,5,1,1,1,1,1,1,1,1,1,1,1,1,1,1,,1,1,1,1,1,,1,2
1,1,4,1,1,1,1,1,2,1,1,2,,2,2,4,1,1,1,1,1,1,1,1,1,1,1,1,1,1,1,1,1,1,,1,1,1,9,1,,1,1
1,1,1,1,1,2,1,1,2,1,1,1,,1,2,1,1,1,1,1,1,1,1,3,1,1,1,1,1,6,5,1,1,1,,1,1,1,1,2,,1,1
2,1,4,1,1,1,1,1,2,1,1,1,,1,2,1,1,1,1,1,1,1,1,1,1,1,1,1,1,1,3,2,1,1,,1,1,1,2,1,,1,1
3,1,1,1,1,1,1,1,2,1,1,1,,1,1,1,1,1,1,1,4,1,1,1,1,1,2,1,1,11,3,2,7,1,,1,1,1,1,1,,2,2
1,1,1,1,1,2,1,1,2,1,1,1,,1,1,1,1,1,1,1,2,1,1,1,1,1,1,1,1,16,1,1,1,1,,1,1,1,1,1,,1,1
1,3,1,1,1,1,1,1,2,1,1,1,,1,1,1,1,1,1,1,1,2,1,1,1,1,1,1,1,1,1,2,1,1,,1,1,1,1,1,,5,2
1,1,2,1,1,1,1,1,2,1,1,1,,1,1,2,1,1,1,1,1,1,1,1,1,1,1,1,1,1,1,1,1,1,,1,1,1,2,1,,1,1
1,1,2,2,1,1,2,1,1,1,2,1,,1,1,1,1,1,1,1,1,1,1,1,1,1,1,2,1,1,2,8,1,1,,1,1,1,5,1,,1,1
2,1,2,1,3,1,1,1,1,1,1,1,,1,2,1,1,2,3,1,4,1,1,4,2,1,1,3,1,1,1,1,1,1,,1,1,1,1,1,,1,1
2,4,2,1,1,1,1,1,1,1,1,1,,1,4,1,1,1,1,1,1,1,2,1,1,1,1,1,1,2,3,2,1,1,,1,1,1,1,1,,1,3
2,1,2,1,1,1,3,1,2,1,1,1,,1,1,4,1,1,1,1,2,1,1,1,1,1,1,1,1,22,1,2,1,1,,1,1,1,1,1,,1,1
2,1,1,1,1,1,1,1,2,1,1,1,,1,1,1,1,1,1,1,1,1,1,1,1,1,1,1,1,9,1,1,1,1,,1,1,1,1,1,,1,1
2,1,4,2,1,1,2,1,2,2,1,1,,1,1,1,3,1,1,1,8,1,1,1,1,1,1,1,1,4,1,2,1,1,,3,1,1,12,1,,2,1
2,1,1,2,1,1,1,1,,1,1,1,,1,3,1,2,1,1,1,1,1,1,1,1,1,1,1,1,5,1,1,1,1,,4,1,1,4,1,,1,1
,1,2,1,1,1,1,1,,1,1,1,,1,1,1,1,,1,1,1,1,1,1,1,1,1,1,1,1,1,1,1,1,,1,1,1,5,1,,1,5
,1,2,1,2,1,1,1,,1,1,1,,1,1,4,1,,1,1,1,1,1,1,1,1,1,1,1,5,1,1,1,1,,1,1,1,1,1,,2,1
,5,4,1,2,1,1,1,,1,2,1,,1,1,2,2,,2,1,1,1,1,1,1,1,1,1,1,1,1,1,1,1,,1,1,1,12,1,,1,1
,5,1,1,1,1,1,1,,1,1,1,,1,1,1,1,,2,1,1,1,1,1,1,1,1,1,1,1,1,1,2,1,,1,2,1,1,2,,1,3
,3,2,1,1,1,1,1,,1,1,1,,1,1,1,1,,2,1,1,1,1,1,1,1,3,2,1,1,1,1,1,1,,1,1,1,1,1,,1,1
,10,2,1,1,1,1,1,,1,,1,,1,1,2,1,,,1,1,2,1,1,1,1,1,1,1,13,1,2,1,1,,3,1,1,1,2,,2,2
,2,4,1,1,1,1,1,,1,,1,,1,2,2,1,,,1,1,1,1,1,1,1,1,1,1,6,1,1,1,1,,1,1,1,3,1,,2,2
,2,1,1,2,1,1,1,,1,,2,,1,1,1,1,,,1,1,1,1,1,1,1,1,2,1,30,3,2,2,1,,1,1,1,1,1,,1,1
,2,2,1,2,1,1,1,,1,,1,,1,1,1,1,,,1,4,1,2,1,1,1,3,1,1,10,1,2,3,1,,1,1,1,31,1,,2,3
,1,4,1,1,1,1,1,,1,,1,,1,1,1,1,,,1,2,1,1,1,1,1,2,1,1,1,10,2,2,1,,1,1,1,1,1,,1,1
,3,6,2,1,1,1,1,,1,,1,,1,1,1,1,,,1,1,1,1,1,2,1,2,2,,1,1,1,3,1,,1,1,1,1,1,,8,1
,1,1,5,2,1,4,1,,1,,1,,2,1,1,1,,,1,1,1,1,2,1,3,1,2,,11,3,1,1,1,,1,1,1,12,1,,1,1
,1,1,1,1,1,1,1,,1,,1,,1,2,1,1,,,1,1,1,1,4,1,1,1,2,,1,1,1,1,1,,1,1,1,1,1,,1,1
,1,2,1,2,1,4,1,,1,,1,,1,1,1,1,,,1,1,1,1,1,1,2,1,1,,1,1,1,1,1,,4,1,1,2,1,,1,2
,1,2,1,1,1,1,1,,1,,1,,1,5,1,1,,,1,1,1,1,1,1,1,1,1,,1,3,2,1,1,,1,1,1,1,1,,1,1
,2,1,1,1,1,1,1,,1,,1,,,1,1,1,,,1,1,1,1,1,1,1,1,1,,5,3,1,2,1,,1,1,1,1,1,,1,1
,1,1,2,1,1,2,1,,1,,1,,,2,1,1,,,1,1,1,3,1,2,1,1,1,,3,1,1,1,1,,1,1,1,2,1,,1,1
,2,1,1,1,1,1,1,,1,,1,,,3,1,2,,,1,1,1,1,1,2,1,1,1,,1,1,1,1,1,,1,1,1,1,1,,1,1
,1,1,4,1,1,1,1,,1,,1,,,1,1,1,,,1,1,1,1,1,1,1,1,1,,7,3,1,2,1,,1,2,1,1,2,,1,1
,1,2,3,1,1,1,1,,1,,1,,,1,1,1,,,1,1,1,1,1,1,1,1,1,,1,1,1,1,1,,1,2,1,5,2,,1,1
,2,1,2,1,1,1,1,,1,,1,,,1,6,1,,,1,3,1,1,1,1,1,1,1,,16,3,1,3,1,,1,1,,1,1,,1,1
,1,1,1,1,1,1,1,,1,,1,,,1,2,2,,,1,1,1,1,1,1,1,1,4,,16,1,1,3,1,,1,2,,1,1,,1,1
,1,1,3,1,1,1,1,,1,,1,,,1,1,1,,,2,1,1,1,1,1,1,1,2,,26,1,1,1,1,,1,1,,3,1,,1,1
,2,1,3,1,1,1,1,,1,,1,,,2,1,1,,,1,2,1,1,1,1,1,1,1,,1,1,4,2,1,,1,1,,5,2,,1,1
,1,1,4,1,1,1,1,,1,,1,,,4,2,1,,,1,1,1,1,1,3,1,1,1,,5,1,1,2,1,,1,1,,1,1,,1,2
,2,1,2,1,1,1,1,,1,,1,,,1,2,1,,,1,2,1,1,1,1,2,1,1,,1,,1,1,1,,1,1,,1,1,,1,1
,1,12,1,1,1,1,1,,1,,1,,,2,2,1,,,1,1,1,1,1,1,1,2,1,,1,,1,3,1,,1,1,,12,2,,1,1
,1,2,1,1,1,1,1,,1,,1,,,1,1,1,,,1,2,1,1,1,2,1,1,,,5,,1,1,1,,1,1,,1,1,,1,1
,1,1,1,1,1,1,1,,1,,1,,,2,1,1,,,1,1,1,1,1,1,1,1,,,1,,2,1,1,,1,1,,1,1,,1,2
,1,2,1,1,1,1,1,,1,,1,,,2,1,1,,,1,2,1,1,1,1,1,1,,,1,,1,1,1,,1,1,,1,1,,1,1
,1,5,1,1,1,1,1,,1,,1,,,3,2,1,,,1,1,1,1,1,1,1,1,,,1,,2,1,1,,1,,,1,1,,2,1
,1,1,1,1,1,1,1,,1,,1,,,2,1,1,,,1,1,1,,1,1,1,1,,,1,,1,1,1,,1,,,1,1,,1,2
,1,2,1,2,1,1,2,,3,,1,,,1,2,1,,,1,5,1,,1,1,1,1,,,1,,1,1,1,,1,,,1,1,,2,1
,2,2,1,1,1,1,1,,1,,1,,,1,1,1,,,1,5,1,,1,1,1,1,,,24,,1,2,1,,1,,,1,1,,2,1
,2,1,1,1,1,3,1,,1,,1,,,1,,1,,,1,1,1,,1,1,2,2,,,10,,1,6,1,,1,,,1,1,,1,5
,1,1,1,1,1,1,1,,1,,1,,,1,,1,,,1,1,1,,2,1,2,3,,,10,,1,1,1,,1,,,24,1,,1,2
,1,5,3,1,1,1,1,,1,,1,,,1,,1,,,1,1,1,,1,1,2,1,,,10,,1,2,1,,1,,,1,1,,1,2
,1,1,2,1,1,4,1,,1,,1,,,1,,1,,,1,1,1,,1,1,1,1,,,1,,2,1,1,,1,,,2,1,,2,2
,1,2,1,1,,1,1,,1,,2,,,2,,1,,,1,1,1,,1,1,,1,,,2,,3,1,1,,1,,,1,2,,1,1
,1,1,1,1,,1,1,,1,,1,,,1,,1,,,1,1,1,,1,1,,2,,,1,,1,1,1,,1,,,10,1,,1,2
,1,1,1,1,,1,1,,1,,1,,,1,,2,,,6,1,1,,1,1,,1,,,2,,1,1,1,,1,,,1,1,,1,1
,1,1,1,1,,1,1,,1,,1,,,1,,1,,,1,,1,,1,1,,1,,,3,,2,1,1,,1,,,1,2,,2,1
,1,2,2,1,,1,1,,1,,1,,,1,,2,,,2,,,,1,1,,1,,,50,,1,2,1,,1,,,1,1,,2,1
,1,1,1,1,,1,1,,1,,1,,,1,,1,,,1,,,,1,1,,2,,,1,,1,1,1,,1,,,1,1,,1,1
,1,1,1,2,,1,2,,1,,1,,,1,,1,,,1,,,,1,1,,1,,,1,,1,1,1,,2,,,1,1,,1,1
,1,1,1,1,,1,1,,1,,1,,,1,,1,,,,,,,1,1,,1,,,1,,1,1,1,,1,,,10,1,,2,1
,2,2,1,1,,1,1,,1,,1,,,1,,1,,,,,,,6,1,,1,,,1,,1,2,2,,2,,,1,1,,1,1
,2,1,1,1,,1,1,,1,,1,,,1,,1,,,,,,,1,1,,1,,,4,,1,1,1,,,,,1,1,,1,3
,1,1,1,1,,6,3,,1,,1,,,3,,1,,,,,,,4,1,,1,,,1,,1,1,1,,,,,12,1,,1,1
,1,1,1,1,,1,1,,1,,1,,,2,,1,,,,,,,1,1,,1,,,1,,1,1,1,,,,,1,1,,1,1
,1,1,1,1,,1,1,,1,,1,,,1,,1,,,,,,,2,1,,1,,,5,,1,1,1,,,,,3,1,,1,1
,4,1,1,1,,1,1,,1,,1,,,1,,1,,,,,,,1,2,,1,,,2,,1,1,1,,,,,1,1,,1,2
,1,1,1,1,,1,1,,1,,,,,1,,1,,,,,,,1,1,,,,,1,,2,1,1,,,,,2,1,,2,1
,1,1,1,1,,1,1,,1,,,,,1,,1,,,,,,,1,1,,,,,12,,1,1,2,,,,,12,1,,1,4
,1,1,2,1,,1,1,,1,,,,,1,,1,,,,,,,1,1,,,,,1,,1,1,1,,,,,1,1,,1,2
,1,1,1,1,,2,1,,2,,,,,2,,1,,,,,,,1,1,,,,,1,,1,1,1,,,,,1,1,,1,1
,1,1,2,1,,1,1,,1,,,,,2,,1,,,,,,,1,1,,,,,2,,1,1,1,,,,,1,1,,1,1
,2,1,2,1,,1,1,,1,,,,,1,,2,,,,,,,1,,,,,,15,,1,1,1,,,,,4,1,,1,2
,1,1,2,2,,1,1,,1,,,,,2,,1,,,,,,,1,,,,,,1,,1,1,1,,,,,1,1,,1,1
,1,2,1,1,,1,1,,1,,,,,2,,1,,,,,,,1,,,,,,1,,1,1,1,,,,,1,1,,1,2
,1,1,1,3,,1,2,,1,,,,,2,,1,,,,,,,1,,,,,,1,,1,1,1,,,,,1,1,,1,1
,2,2,1,1,,1,1,,1,,,,,1,,1,,,,,,,1,,,,,,1,,1,1,1,,,,,12,1,,1,6
,2,2,5,1,,1,1,,1,,,,,2,,1,,,,,,,1,,,,,,10,,1,1,1,,,,,1,1,,2,3
,2,1,1,1,,1,1,,1,,,,,1,,1,,,,,,,1,,,,,,1,,2,1,2,,,,,2,1,,1,1
,1,1,1,1,,4,1,,1,,,,,1,,1,,,,,,,2,,,,,,1,,2,1,6,,,,,10,1,,1,4
,1,1,1,1,,1,1,,1,,,,,2,,1,,,,,,,1,,,,,,1,,1,2,1,,,,,1,1,,1,3
,1,1,2,1,,1,1,,1,,,,,1,,1,,,,,,,1,,,,,,2,,1,1,1,,,,,120,1,,4,1
,2,1,2,1,,1,1,,1,,,,,1,,1,,,,,,,1,,,,,,1,,1,1,1,,,,,6,1,,1,1
,1,4,1,1,,6,1,,1,,,,,1,,1,,,,,,,1,,,,,,10,,1,1,1,,,,,1,1,,1,1
,1,3,1,2,,1,1,,1,,,,,2,,1,,,,,,,1,,,,,,1,,1,1,2,,,,,1,1,,2,1
,1,1,1,1,,1,1,,1,,,,,2,,1,,,,,,,1,,,,,,1,,1,1,1,,,,,1,1,,1,1
,1,1,1,1,,6,1,,1,,,,,3,,1,,,,,,,1,,,,,,2,,5,4,1,,,,,10,1,,2,1
,1,1,1,1,,5,1,,1,,,,,4,,1,,,,,,,1,,,,,,1,,1,1,1,,,,,12,1,,2,1
,2,1,1,1,,1,1,,1,,,,,4,,1,,,,,,,1,,,,,,2,,1,1,1,,,,,1,1,,2,1
,1,2,1,1,,1,2,,1,,,,,1,,1,,,,,,,1,,,,,,1,,1,2,1,,,,,5,1,,1,2
,1,1,1,1,,1,2,,1,,,,,1,,2,,,,,,,1,,,,,,1,,2,2,1,,,,,1,1,,1,5
,1,1,1,1,,1,3,,1,,,,,1,,1,,,,,,,1,,,,,,5,,1,1,1,,,,,1,1,,1,3
,1,1,2,1,,1,1,,1,,,,,1,,1,,,,,,,1,,,,,,1,,1,3,1,,,,,1,1,,1,10
,2,1,2,3,,1,1,,1,,,,,1,,1,,,,,,,1,,,,,,20,,1,1,2,,,,,10,1,,1,4
,1,2,1,1,,1,1,,1,,,,,1,,1,,,,,,,1,,,,,,1,,3,2,1,,,,,1,1,,2,2
,1,1,1,1,,2,1,,1,,,,,2,,1,,,,,,,1,,,,,,3,,1,1,1,,,,,1,1,,3,5
,1,1,1,2,,1,1,,1,,,,,4,,1,,,,,,,1,,,,,,8,,1,1,1,,,,,1,1,,2,1
,1,1,1,1,,2,1,,1,,,,,5,,1,,,,,,,,,,,,,2,,1,1,1,,,,,29,1,,1,1
,1,1,1,1,,1,1,,1,,,,,10,,1,,,,,,,,,,,,,7,,1,1,1,,,,,12,1,,2,1
,3,2,1,1,,1,1,,1,,,,,2,,1,,,,,,,,,,,,,1,,1,2,1,,,,,1,1,,2,2
,3,1,1,2,,1,1,,1,,,,,2,,1,,,,,,,,,,,,,1,,1,2,1,,,,,1,1,,1,4
,4,1,2,1,,1,1,,1,,,,,1,,1,,,,,,,,,,,,,15,,1,2,1,,,,,1,1,,1,1
,1,1,1,1,,1,1,,1,,,,,1,,2,,,,,,,,,,,,,1,,1,2,3,,,,,1,1,,1,1
,1,1,1,2,,1,1,,1,,,,,3,,2,,,,,,,,,,,,,16,,1,1,1,,,,,1,1,,1,1
,1,1,1,2,,1,1,,1,,,,,3,,3,,,,,,,,,,,,,1,,1,3,1,,,,,1,1,,1,1
,1,3,1,2,,1,1,,1,,,,,3,,1,,,,,,,,,,,,,1,,1,1,4,,,,,1,1,,1,2
,1,1,1,1,,1,1,,1,,,,,3,,1,,,,,,,,,,,,,10,,2,1,1,,,,,1,1,,1,1
,2,1,1,1,,1,1,,1,,,,,1,,1,,,,,,,,,,,,,,,1,1,1,,,,,1,1,,1,1
,1,4,2,2,,1,1,,1,,,,,2,,1,,,,,,,,,,,,,,,1,1,1,,,,,1,1,,1,1
,1,3,2,6,,1,1,,1,,,,,2,,1,,,,,,,,,,,,,,,1,1,2,,,,,10,1,,1,2
,1,2,2,1,,1,1,,2,,,,,1,,1,,,,,,,,,,,,,,,4,1,1,,,,,1,1,,,3
,1,1,,2,,1,1,,1,,,,,1,,1,,,,,,,,,,,,,,,3,1,1,,,,,1,1,,,5
,1,2,,1,,1,2,,1,,,,,1,,1,,,,,,,,,,,,,,,2,2,1,,,,,1,1,,,1
,3,1,,1,,1,1,,1,,,,,1,,1,,,,,,,,,,,,,,,1,1,1,,,,,1,1,,,1
,1,2,,1,,1,1,,1,,,,,1,,1,,,,,,,,,,,,,,,1,,3,,,,,8,1,,,5
,1,1,,1,,1,1,,1,,,,,1,,1,,,,,,,,,,,,,,,1,,3,,,,,9,1,,,2
,1,3,,1,,2,1,,1,,,,,1,,1,,,,,,,,,,,,,,,2,,1,,,,,1,2,,,1
,1,1,,2,,2,1,,1,,,,,3,,1,,,,,,,,,,,,,,,2,,1,,,,,1,1,,,1
,1,2,,1,,1,1,,1,,,,,1,,1,,,,,,,,,,,,,,,1,,1,,,,,1,1,,,1
,1,1,,1,,1,1,,1,,,,,1,,1,,,,,,,,,,,,,,,1,,1,,,,,1,2,,,1
,1,2,,1,,1,1,,1,,,,,1,,1,,,,,,,,,,,,,,,1,,1,,,,,1,1,,,1
,1,2,,2,,1,1,,1,,,,,2,,1,,,,,,,,,,,,,,,1,,1,,,,,1,1,,,5
,1,1,,2,,1,1,,1,,,,,1,,1,,,,,,,,,,,,,,,4,,1,,,,,1,1,,,5
,1,20,,1,,1,1,,1,,,,,1,,1,,,,,,,,,,,,,,,1,,1,,,,,25,1,,,1
,2,1,,3,,1,1,,1,,,,,2,,5,,,,,,,,,,,,,,,1,,1,,,,,1,1,,,1
,1,1,,2,,1,1,,1,,,,,2,,4,,,,,,,,,,,,,,,1,,1,,,,,1,1,,,2
,1,1,,1,,2,1,,1,,,,,2,,1,,,,,,,,,,,,,,,2,,1,,,,,3,1,,,1
,1,3,,1,,1,1,,1,,,,,1,,1,,,,,,,,,,,,,,,1,,1,,,,,3,1,,,2
,1,1,,1,,1,1,,2,,,,,2,,1,,,,,,,,,,,,,,,1,,1,,,,,1,1,,,4
,1,2,,1,,1,1,,1,,,,,1,,1,,,,,,,,,,,,,,,1,,1,,,,,1,1,,,2
,1,4,,1,,1,1,,,,,,,2,,1,,,,,,,,,,,,,,,4,,2,,,,,1,1,,,1
,1,1,,1,,2,1,,,,,,,1,,1,,,,,,,,,,,,,,,1,,1,,,,,1,1,,,1
,1,2,,2,,1,1,,,,,,,1,,1,,,,,,,,,,,,,,,1,,1,,,,,9,1,,,1
,2,1,,1,,1,1,,,,,,,1,,1,,,,,,,,,,,,,,,1,,1,,,,,1,2,,,6
,1,1,,1,,4,1,,,,,,,2,,1,,,,,,,,,,,,,,,1,,1,,,,,10,1,,,2
,1,1,,1,,1,1,,,,,,,1,,1,,,,,,,,,,,,,,,1,,1,,,,,24,1,,,1
,1,5,,3,,1,,,,,,,,1,,1,,,,,,,,,,,,,,,2,,1,,,,,20,1,,,1
,2,1,,1,,2,,,,,,,,1,,1,,,,,,,,,,,,,,,1,,1,,,,,10,1,,,2
,1,1,,1,,1,,,,,,,,1,,1,,,,,,,,,,,,,,,1,,1,,,,,10,1,,,2
,1,1,,1,,2,,,,,,,,1,,1,,,,,,,,,,,,,,,1,,1,,,,,10,1,,,2
,10,1,,1,,1,,,,,,,,1,,1,,,,,,,,,,,,,,,1,,1,,,,,1,1,,,2
,5,1,,1,,1,,,,,,,,1,,1,,,,,,,,,,,,,,,1,,1,,,,,6,1,,,1
,1,1,,1,,1,,,,,,,,1,,1,,,,,,,,,,,,,,,1,,1,,,,,1,1,,,1
,1,1,,1,,1,,,,,,,,2,,2,,,,,,,,,,,,,,,1,,1,,,,,5,1,,,2
,2,1,,1,,1,,,,,,,,1,,1,,,,,,,,,,,,,,,1,,1,,,,,5,1,,,1
,1,1,,1,,1,,,,,,,,1,,1,,,,,,,,,,,,,,,1,,1,,,,,2,1,,,3
,1,1,,1,,1,,,,,,,,1,,1,,,,,,,,,,,,,,,2,,1,,,,,1,1,,,1
,1,1,,1,,1,,,,,,,,1,,1,,,,,,,,,,,,,,,1,,1,,,,,1,1,,,1
,1,2,,2,,1,,,,,,,,3,,1,,,,,,,,,,,,,,,1,,1,,,,,30,1,,,1
,1,1,,1,,,,,,,,,,1,,1,,,,,,,,,,,,,,,2,,1,,,,,,1,,,1
,1,1,,1,,,,,,,,,,1,,1,,,,,,,,,,,,,,,4,,1,,,,,,1,,,1
,1,1,,3,,,,,,,,,,1,,1,,,,,,,,,,,,,,,1,,2,,,,,,1,,,1
,1,1,,1,,,,,,,,,,1,,1,,,,,,,,,,,,,,,2,,1,,,,,,1,,,1
,1,1,,1,,,,,,,,,,1,,1,,,,,,,,,,,,,,,1,,1,,,,,,1,,,1
,2,2,,1,,,,,,,,,,2,,1,,,,,,,,,,,,,,,1,,1,,,,,,1,,,1
,1,1,,1,,,,,,,,,,2,,1,,,,,,,,,,,,,,,1,,1,,,,,,1,,,1
,1,2,,1,,,,,,,,,,2,,1,,,,,,,,,,,,,,,2,,1,,,,,,1,,,1
,2,1,,1,,,,,,,,,,8,,1,,,,,,,,,,,,,,,1,,1,,,,,,1,,,1
,1,2,,1,,,,,,,,,,1,,1,,,,,,,,,,,,,,,2,,1,,,,,,2,,,1
,4,1,,1,,,,,,,,,,1,,1,,,,,,,,,,,,,,,1,,1,,,,,,1,,,1
,2,1,,1,,,,,,,,,,1,,1,,,,,,,,,,,,,,,1,,1,,,,,,1,,,1
,3,1,,1,,,,,,,,,,1,,1,,,,,,,,,,,,,,,1,,1,,,,,,2,,,1
,2,1,,1,,,,,,,,,,1,,1,,,,,,,,,,,,,,,1,,1,,,,,,1,,,1
,1,1,,1,,,,,,,,,,1,,1,,,,,,,,,,,,,,,1,,1,,,,,,1,,,1
,1,1,,1,,,,,,,,,,1,,1,,,,,,,,,,,,,,,1,,1,,,,,,1,,,4
,1,1,,4,,,,,,,,,,2,,1,,,,,,,,,,,,,,,1,,2,,,,,,1,,,1
,1,1,,1,,,,,,,,,,1,,1,,,,,,,,,,,,,,,2,,1,,,,,,2,,,3
,1,1,,1,,,,,,,,,,1,,5,,,,,,,,,,,,,,,2,,1,,,,,,1,,,1
,1,2,,2,,,,,,,,,,1,,2,,,,,,,,,,,,,,,1,,1,,,,,,2,,,1
,1,1,,1,,,,,,,,,,1,,1,,,,,,,,,,,,,,,1,,1,,,,,,1,,,1
,1,1,,1,,,,,,,,,,1,,2,,,,,,,,,,,,,,,1,,1,,,,,,1,,,1
,1,1,,1,,,,,,,,,,1,,4,,,,,,,,,,,,,,,2,,1,,,,,,1,,,4
,1,2,,1,,,,,,,,,,1,,1,,,,,,,,,,,,,,,1,,1,,,,,,1,,,1
,1,1,,1,,,,,,,,,,1,,1,,,,,,,,,,,,,,,1,,2,,,,,,1,,,2
,1,1,,1,,,,,,,,,,1,,3,,,,,,,,,,,,,,,1,,1,,,,,,1,,,1
,1,1,,1,,,,,,,,,,2,,1,,,,,,,,,,,,,,,1,,1,,,,,,1,,,3
,1,1,,1,,,,,,,,,,2,,1,,,,,,,,,,,,,,,2,,1,,,,,,1,,,2
,3,1,,2,,,,,,,,,,1,,3,,,,,,,,,,,,,,,1,,1,,,,,,1,,,1
,1,2,,1,,,,,,,,,,1,,1,,,,,,,,,,,,,,,1,,1,,,,,,1,,,1
,2,1,,1,,,,,,,,,,2,,1,,,,,,,,,,,,,,,1,,4,,,,,,1,,,2
,2,1,,1,,,,,,,,,,7,,1,,,,,,,,,,,,,,,1,,1,,,,,,2,,,1
,1,1,,1,,,,,,,,,,3,,1,,,,,,,,,,,,,,,4,,1,,,,,,1,,,1
,1,1,,1,,,,,,,,,,2,,1,,,,,,,,,,,,,,,1,,2,,,,,,2,,,1
,1,2,,1,,,,,,,,,,2,,1,,,,,,,,,,,,,,,1,,1,,,,,,1,,,1
,2,1,,1,,,,,,,,,,1,,1,,,,,,,,,,,,,,,2,,1,,,,,,1,,,1
,2,2,,1,,,,,,,,,,4,,2,,,,,,,,,,,,,,,1,,1,,,,,,1,,,1
,2,1,,2,,,,,,,,,,1,,1,,,,,,,,,,,,,,,2,,1,,,,,,1,,,1
,2,1,,2,,,,,,,,,,1,,1,,,,,,,,,,,,,,,3,,1,,,,,,1,,,1
,1,1,,2,,,,,,,,,,1,,1,,,,,,,,,,,,,,,1,,1,,,,,,1,,,5
,1,1,,1,,,,,,,,,,3,,2,,,,,,,,,,,,,,,1,,1,,,,,,1,,,1
,1,1,,1,,,,,,,,,,1,,1,,,,,,,,,,,,,,,1,,1,,,,,,1,,,2
,1,1,,1,,,,,,,,,,1,,2,,,,,,,,,,,,,,,1,,1,,,,,,2,,,1
,1,1,,1,,,,,,,,,,1,,1,,,,,,,,,,,,,,,2,,1,,,,,,1,,,1
,2,1,,1,,,,,,,,,,1,,1,,,,,,,,,,,,,,,1,,1,,,,,,1,,,1
,1,1,,1,,,,,,,,,,1,,2,,,,,,,,,,,,,,,1,,1,,,,,,1,,,1
,1,1,,2,,,,,,,,,,3,,1,,,,,,,,,,,,,,,1,,1,,,,,,1,,,2
,1,1,,1,,,,,,,,,,1,,1,,,,,,,,,,,,,,,1,,1,,,,,,1,,,1
,1,1,,2,,,,,,,,,,2,,3,,,,,,,,,,,,,,,1,,1,,,,,,1,,,1
,1,1,,1,,,,,,,,,,1,,3,,,,,,,,,,,,,,,2,,1,,,,,,1,,,1
,1,1,,1,,,,,,,,,,2,,4,,,,,,,,,,,,,,,1,,1,,,,,,1,,,1
,1,2,,1,,,,,,,,,,1,,1,,,,,,,,,,,,,,,2,,1,,,,,,2,,,1
,12,1,,1,,,,,,,,,,4,,1,,,,,,,,,,,,,,,1,,1,,,,,,1,,,2
,1,1,,1,,,,,,,,,,1,,2,,,,,,,,,,,,,,,1,,1,,,,,,1,,,2
,1,2,,1,,,,,,,,,,1,,1,,,,,,,,,,,,,,,1,,1,,,,,,1,,,1
,6,2,,2,,,,,,,,,,1,,1,,,,,,,,,,,,,,,2,,1,,,,,,1,,,
,2,1,,1,,,,,,,,,,1,,1,,,,,,,,,,,,,,,2,,1,,,,,,1,,,
,1,1,,1,,,,,,,,,,1,,1,,,,,,,,,,,,,,,1,,1,,,,,,1,,,
,1,2,,1,,,,,,,,,,1,,1,,,,,,,,,,,,,,,1,,1,,,,,,1,,,
,1,2,,1,,,,,,,,,,5,,3,,,,,,,,,,,,,,,1,,1,,,,,,1,,,
,1,1,,1,,,,,,,,,,1,,1,,,,,,,,,,,,,,,3,,1,,,,,,2,,,
,1,1,,1,,,,,,,,,,1,,1,,,,,,,,,,,,,,,1,,1,,,,,,1,,,
,1,1,,1,,,,,,,,,,1,,1,,,,,,,,,,,,,,,1,,1,,,,,,1,,,
,1,1,,1,,,,,,,,,,3,,1,,,,,,,,,,,,,,,1,,1,,,,,,1,,,
,2,1,,1,,,,,,,,,,1,,1,,,,,,,,,,,,,,,2,,1,,,,,,1,,,
,1,1,,1,,,,,,,,,,1,,1,,,,,,,,,,,,,,,1,,1,,,,,,1,,,
,1,1,,1,,,,,,,,,,1,,2,,,,,,,,,,,,,,,2,,1,,,,,,2,,,
,1,1,,1,,,,,,,,,,1,,1,,,,,,,,,,,,,,,1,,1,,,,,,2,,,
,1,1,,1,,,,,,,,,,1,,1,,,,,,,,,,,,,,,5,,1,,,,,,1,,,
,1,2,,1,,,,,,,,,,1,,3,,,,,,,,,,,,,,,1,,1,,,,,,1,,,
,1,1,,1,,,,,,,,,,2,,1,,,,,,,,,,,,,,,1,,1,,,,,,1,,,
,1,1,,1,,,,,,,,,,1,,3,,,,,,,,,,,,,,,3,,1,,,,,,1,,,
,1,1,,1,,,,,,,,,,1,,1,,,,,,,,,,,,,,,1,,1,,,,,,1,,,
,1,1,,1,,,,,,,,,,2,,1,,,,,,,,,,,,,,,1,,1,,,,,,1,,,
,1,2,,1,,,,,,,,,,1,,1,,,,,,,,,,,,,,,1,,1,,,,,,1,,,
,1,1,,2,,,,,,,,,,1,,1,,,,,,,,,,,,,,,1,,1,,,,,,1,,,
,1,2,,1,,,,,,,,,,2,,3,,,,,,,,,,,,,,,1,,2,,,,,,1,,,
,1,1,,14,,,,,,,,,,,,3,,,,,,,,,,,,,,,1,,1,,,,,,1,,,
,1,1,,1,,,,,,,,,,,,1,,,,,,,,,,,,,,,1,,1,,,,,,1,,,
,1,1,,1,,,,,,,,,,,,3,,,,,,,,,,,,,,,1,,1,,,,,,1,,,
,1,1,,1,,,,,,,,,,,,1,,,,,,,,,,,,,,,1,,1,,,,,,1,,,
,1,1,,1,,,,,,,,,,,,1,,,,,,,,,,,,,,,1,,1,,,,,,1,,,
,1,1,,1,,,,,,,,,,,,3,,,,,,,,,,,,,,,1,,2,,,,,,1,,,
,1,1,,1,,,,,,,,,,,,1,,,,,,,,,,,,,,,1,,1,,,,,,1,,,
,1,1,,1,,,,,,,,,,,,2,,,,,,,,,,,,,,,1,,1,,,,,,1,,,
,1,1,,1,,,,,,,,,,,,1,,,,,,,,,,,,,,,1,,1,,,,,,1,,,
,2,1,,1,,,,,,,,,,,,3,,,,,,,,,,,,,,,1,,1,,,,,,1,,,
,1,2,,1,,,,,,,,,,,,1,,,,,,,,,,,,,,,6,,1,,,,,,1,,,
,1,2,,1,,,,,,,,,,,,1,,,,,,,,,,,,,,,1,,1,,,,,,1,,,
,1,1,,1,,,,,,,,,,,,1,,,,,,,,,,,,,,,1,,1,,,,,,1,,,
,2,1,,1,,,,,,,,,,,,1,,,,,,,,,,,,,,,1,,1,,,,,,1,,,
,1,1,,1,,,,,,,,,,,,1,,,,,,,,,,,,,,,2,,1,,,,,,1,,,
,1,1,,1,,,,,,,,,,,,1,,,,,,,,,,,,,,,1,,1,,,,,,1,,,
,1,2,,1,,,,,,,,,,,,1,,,,,,,,,,,,,,,5,,3,,,,,,1,,,
,5,4,,1,,,,,,,,,,,,1,,,,,,,,,,,,,,,1,,1,,,,,,1,,,
,1,1,,1,,,,,,,,,,,,1,,,,,,,,,,,,,,,1,,1,,,,,,1,,,
,2,1,,1,,,,,,,,,,,,1,,,,,,,,,,,,,,,1,,1,,,,,,1,,,
,4,4,,2,,,,,,,,,,,,1,,,,,,,,,,,,,,,1,,1,,,,,,1,,,
,10,2,,1,,,,,,,,,,,,1,,,,,,,,,,,,,,,1,,1,,,,,,1,,,
,12,1,,1,,,,,,,,,,,,1,,,,,,,,,,,,,,,1,,1,,,,,,1,,,
,3,4,,1,,,,,,,,,,,,1,,,,,,,,,,,,,,,1,,1,,,,,,1,,,
,1,1,,2,,,,,,,,,,,,1,,,,,,,,,,,,,,,1,,1,,,,,,1,,,
,1,1,,1,,,,,,,,,,,,1,,,,,,,,,,,,,,,1,,1,,,,,,1,,,
,1,1,,1,,,,,,,,,,,,2,,,,,,,,,,,,,,,1,,1,,,,,,1,,,
,1,2,,1,,,,,,,,,,,,1,,,,,,,,,,,,,,,1,,1,,,,,,1,,,
,2,3,,1,,,,,,,,,,,,2,,,,,,,,,,,,,,,1,,1,,,,,,1,,,
,1,1,,1,,,,,,,,,,,,1,,,,,,,,,,,,,,,1,,1,,,,,,1,,,
,1,1,,1,,,,,,,,,,,,1,,,,,,,,,,,,,,,1,,1,,,,,,3,,,
,1,1,,2,,,,,,,,,,,,1,,,,,,,,,,,,,,,1,,1,,,,,,1,,,
,2,1,,1,,,,,,,,,,,,1,,,,,,,,,,,,,,,1,,1,,,,,,1,,,
,1,1,,1,,,,,,,,,,,,1,,,,,,,,,,,,,,,1,,1,,,,,,1,,,
,1,1,,1,,,,,,,,,,,,1,,,,,,,,,,,,,,,1,,1,,,,,,1,,,
,1,1,,1,,,,,,,,,,,,1,,,,,,,,,,,,,,,1,,3,,,,,,1,,,
,2,1,,1,,,,,,,,,,,,1,,,,,,,,,,,,,,,1,,1,,,,,,1,,,
,1,2,,1,,,,,,,,,,,,1,,,,,,,,,,,,,,,1,,2,,,,,,1,,,
,1,1,,1,,,,,,,,,,,,1,,,,,,,,,,,,,,,1,,1,,,,,,1,,,
,1,2,,2,,,,,,,,,,,,1,,,,,,,,,,,,,,,1,,1,,,,,,1,,,
,1,1,,1,,,,,,,,,,,,1,,,,,,,,,,,,,,,1,,1,,,,,,1,,,
,1,3,,2,,,,,,,,,,,,1,,,,,,,,,,,,,,,2,,1,,,,,,1,,,
,1,1,,1,,,,,,,,,,,,1,,,,,,,,,,,,,,,2,,1,,,,,,1,,,
,1,1,,2,,,,,,,,,,,,1,,,,,,,,,,,,,,,2,,1,,,,,,1,,,
,1,2,,2,,,,,,,,,,,,1,,,,,,,,,,,,,,,1,,1,,,,,,1,,,
,1,1,,1,,,,,,,,,,,,1,,,,,,,,,,,,,,,1,,1,,,,,,1,,,
,3,1,,1,,,,,,,,,,,,1,,,,,,,,,,,,,,,3,,1,,,,,,1,,,
,1,1,,3,,,,,,,,,,,,1,,,,,,,,,,,,,,,1,,1,,,,,,1,,,
,1,2,,1,,,,,,,,,,,,1,,,,,,,,,,,,,,,1,,1,,,,,,1,,,
,1,1,,1,,,,,,,,,,,,1,,,,,,,,,,,,,,,1,,1,,,,,,2,,,
,3,2,,1,,,,,,,,,,,,1,,,,,,,,,,,,,,,1,,1,,,,,,1,,,
,15,2,,1,,,,,,,,,,,,1,,,,,,,,,,,,,,,1,,1,,,,,,1,,,
,17,2,,1,,,,,,,,,,,,1,,,,,,,,,,,,,,,1,,1,,,,,,1,,,
,6,1,,1,,,,,,,,,,,,2,,,,,,,,,,,,,,,1,,1,,,,,,1,,,
,1,4,,1,,,,,,,,,,,,1,,,,,,,,,,,,,,,1,,1,,,,,,1,,,
,1,4,,1,,,,,,,,,,,,2,,,,,,,,,,,,,,,1,,1,,,,,,1,,,
,3,2,,1,,,,,,,,,,,,1,,,,,,,,,,,,,,,1,,1,,,,,,1,,,
,1,1,,1,,,,,,,,,,,,1,,,,,,,,,,,,,,,3,,1,,,,,,1,,,
,1,1,,1,,,,,,,,,,,,1,,,,,,,,,,,,,,,2,,1,,,,,,1,,,
,1,1,,1,,,,,,,,,,,,1,,,,,,,,,,,,,,,1,,1,,,,,,1,,,
,1,1,,1,,,,,,,,,,,,1,,,,,,,,,,,,,,,1,,1,,,,,,1,,,
,1,1,,1,,,,,,,,,,,,1,,,,,,,,,,,,,,,2,,1,,,,,,1,,,
,1,1,,1,,,,,,,,,,,,1,,,,,,,,,,,,,,,1,,1,,,,,,2,,,
,1,1,,1,,,,,,,,,,,,1,,,,,,,,,,,,,,,1,,1,,,,,,1,,,
,2,2,,1,,,,,,,,,,,,1,,,,,,,,,,,,,,,3,,1,,,,,,1,,,
,1,2,,2,,,,,,,,,,,,1,,,,,,,,,,,,,,,1,,1,,,,,,1,,,
,1,1,,1,,,,,,,,,,,,2,,,,,,,,,,,,,,,1,,1,,,,,,1,,,
,1,1,,1,,,,,,,,,,,,2,,,,,,,,,,,,,,,1,,1,,,,,,1,,,
,1,2,,1,,,,,,,,,,,,1,,,,,,,,,,,,,,,1,,1,,,,,,1,,,
,1,1,,1,,,,,,,,,,,,1,,,,,,,,,,,,,,,1,,2,,,,,,1,,,
,1,1,,1,,,,,,,,,,,,1,,,,,,,,,,,,,,,1,,1,,,,,,1,,,
,1,1,,1,,,,,,,,,,,,1,,,,,,,,,,,,,,,1,,1,,,,,,1,,,
,1,1,,1,,,,,,,,,,,,1,,,,,,,,,,,,,,,1,,1,,,,,,1,,,
,1,1,,1,,,,,,,,,,,,1,,,,,,,,,,,,,,,1,,1,,,,,,1,,,
,1,1,,2,,,,,,,,,,,,1,,,,,,,,,,,,,,,1,,4,,,,,,1,,,
,1,7,,1,,,,,,,,,,,,1,,,,,,,,,,,,,,,1,,1,,,,,,2,,,
,1,1,,1,,,,,,,,,,,,2,,,,,,,,,,,,,,,1,,1,,,,,,1,,,
,1,1,,2,,,,,,,,,,,,1,,,,,,,,,,,,,,,5,,1,,,,,,1,,,
,1,1,,2,,,,,,,,,,,,1,,,,,,,,,,,,,,,4,,1,,,,,,1,,,
,1,2,,1,,,,,,,,,,,,1,,,,,,,,,,,,,,,1,,1,,,,,,1,,,
,1,1,,1,,,,,,,,,,,,4,,,,,,,,,,,,,,,1,,1,,,,,,1,,,
,1,1,,2,,,,,,,,,,,,1,,,,,,,,,,,,,,,1,,1,,,,,,1,,,
,1,2,,1,,,,,,,,,,,,1,,,,,,,,,,,,,,,1,,1,,,,,,1,,,
,1,2,,1,,,,,,,,,,,,1,,,,,,,,,,,,,,,1,,1,,,,,,1,,,
,2,2,,4,,,,,,,,,,,,1,,,,,,,,,,,,,,,1,,2,,,,,,1,,,
,1,2,,1,,,,,,,,,,,,1,,,,,,,,,,,,,,,2,,1,,,,,,1,,,
,1,1,,1,,,,,,,,,,,,1,,,,,,,,,,,,,,,1,,1,,,,,,2,,,
,2,2,,1,,,,,,,,,,,,1,,,,,,,,,,,,,,,1,,1,,,,,,2,,,
,1,1,,3,,,,,,,,,,,,1,,,,,,,,,,,,,,,1,,1,,,,,,1,,,
,2,1,,1,,,,,,,,,,,,1,,,,,,,,,,,,,,,1,,1,,,,,,2,,,
,1,1,,1,,,,,,,,,,,,1,,,,,,,,,,,,,,,1,,1,,,,,,1,,,
,1,1,,1,,,,,,,,,,,,1,,,,,,,,,,,,,,,1,,1,,,,,,1,,,
,1,1,,1,,,,,,,,,,,,1,,,,,,,,,,,,,,,3,,1,,,,,,,,,
,1,1,,1,,,,,,,,,,,,2,,,,,,,,,,,,,,,1,,1,,,,,,,,,
,1,1,,1,,,,,,,,,,,,1,,,,,,,,,,,,,,,1,,1,,,,,,,,,
,1,1,,1,,,,,,,,,,,,1,,,,,,,,,,,,,,,1,,1,,,,,,,,,
,1,1,,2,,,,,,,,,,,,1,,,,,,,,,,,,,,,2,,1,,,,,,,,,
,1,2,,2,,,,,,,,,,,,1,,,,,,,,,,,,,,,1,,1,,,,,,,,,
,1,1,,4,,,,,,,,,,,,1,,,,,,,,,,,,,,,3,,2,,,,,,,,,
,1,1,,1,,,,,,,,,,,,1,,,,,,,,,,,,,,,1,,1,,,,,,,,,
,1,1,,1,,,,,,,,,,,,1,,,,,,,,,,,,,,,5,,3,,,,,,,,,
,1,2,,3,,,,,,,,,,,,1,,,,,,,,,,,,,,,1,,1,,,,,,,,,
,1,1,,2,,,,,,,,,,,,1,,,,,,,,,,,,,,,1,,2,,,,,,,,,
,1,1,,1,,,,,,,,,,,,2,,,,,,,,,,,,,,,2,,2,,,,,,,,,
,1,1,,2,,,,,,,,,,,,1,,,,,,,,,,,,,,,,,1,,,,,,,,,
,1,1,,2,,,,,,,,,,,,1,,,,,,,,,,,,,,,,,1,,,,,,,,,
,1,2,,1,,,,,,,,,,,,1,,,,,,,,,,,,,,,,,1,,,,,,,,,
,1,2,,1,,,,,,,,,,,,1,,,,,,,,,,,,,,,,,1,,,,,,,,,
,1,1,,1,,,,,,,,,,,,1,,,,,,,,,,,,,,,,,1,,,,,,,,,
,1,1,,1,,,,,,,,,,,,1,,,,,,,,,,,,,,,,,1,,,,,,,,,
,1,2,,2,,,,,,,,,,,,2,,,,,,,,,,,,,,,,,1,,,,,,,,,
,1,1,,2,,,,,,,,,,,,1,,,,,,,,,,,,,,,,,1,,,,,,,,,
,1,10,,1,,,,,,,,,,,,2,,,,,,,,,,,,,,,,,1,,,,,,,,,
,1,30,,2,,,,,,,,,,,,1,,,,,,,,,,,,,,,,,1,,,,,,,,,
,1,2,,1,,,,,,,,,,,,2,,,,,,,,,,,,,,,,,3,,,,,,,,,
,1,1,,1,,,,,,,,,,,,1,,,,,,,,,,,,,,,,,1,,,,,,,,,
,2,3,,2,,,,,,,,,,,,1,,,,,,,,,,,,,,,,,1,,,,,,,,,
,1,2,,3,,,,,,,,,,,,1,,,,,,,,,,,,,,,,,2,,,,,,,,,
,1,1,,1,,,,,,,,,,,,1,,,,,,,,,,,,,,,,,1,,,,,,,,,
,1,2,,1,,,,,,,,,,,,1,,,,,,,,,,,,,,,,,1,,,,,,,,,
,1,1,,1,,,,,,,,,,,,1,,,,,,,,,,,,,,,,,1,,,,,,,,,
,1,2,,1,,,,,,,,,,,,1,,,,,,,,,,,,,,,,,1,,,,,,,,,
,1,4,,1,,,,,,,,,,,,1,,,,,,,,,,,,,,,,,2,,,,,,,,,
,1,2,,1,,,,,,,,,,,,1,,,,,,,,,,,,,,,,,4,,,,,,,,,
,1,3,,4,,,,,,,,,,,,1,,,,,,,,,,,,,,,,,1,,,,,,,,,
,2,1,,2,,,,,,,,,,,,1,,,,,,,,,,,,,,,,,1,,,,,,,,,
,2,1,,1,,,,,,,,,,,,1,,,,,,,,,,,,,,,,,2,,,,,,,,,
,2,1,,1,,,,,,,,,,,,1,,,,,,,,,,,,,,,,,1,,,,,,,,,
,1,4,,5,,,,,,,,,,,,1,,,,,,,,,,,,,,,,,1,,,,,,,,,
,2,2,,1,,,,,,,,,,,,1,,,,,,,,,,,,,,,,,1,,,,,,,,,
,4,1,,2,,,,,,,,,,,,1,,,,,,,,,,,,,,,,,1,,,,,,,,,
,1,5,,1,,,,,,,,,,,,1,,,,,,,,,,,,,,,,,1,,,,,,,,,
,1,2,,1,,,,,,,,,,,,2,,,,,,,,,,,,,,,,,1,,,,,,,,,
,1,1,,1,,,,,,,,,,,,1,,,,,,,,,,,,,,,,,1,,,,,,,,,
,1,2,,1,,,,,,,,,,,,1,,,,,,,,,,,,,,,,,1,,,,,,,,,
,2,1,,1,,,,,,,,,,,,1,,,,,,,,,,,,,,,,,1,,,,,,,,,
,2,2,,1,,,,,,,,,,,,3,,,,,,,,,,,,,,,,,2,,,,,,,,,
,2,1,,1,,,,,,,,,,,,3,,,,,,,,,,,,,,,,,2,,,,,,,,,
,1,1,,3,,,,,,,,,,,,1,,,,,,,,,,,,,,,,,1,,,,,,,,,
,1,1,,1,,,,,,,,,,,,1,,,,,,,,,,,,,,,,,1,,,,,,,,,
,3,2,,1,,,,,,,,,,,,1,,,,,,,,,,,,,,,,,1,,,,,,,,,
,1,1,,2,,,,,,,,,,,,1,,,,,,,,,,,,,,,,,1,,,,,,,,,
,1,1,,1,,,,,,,,,,,,2,,,,,,,,,,,,,,,,,1,,,,,,,,,
,1,1,,1,,,,,,,,,,,,1,,,,,,,,,,,,,,,,,1,,,,,,,,,
,1,4,,2,,,,,,,,,,,,1,,,,,,,,,,,,,,,,,1,,,,,,,,,
,1,1,,1,,,,,,,,,,,,1,,,,,,,,,,,,,,,,,2,,,,,,,,,
,2,1,,1,,,,,,,,,,,,2,,,,,,,,,,,,,,,,,1,,,,,,,,,
,2,1,,2,,,,,,,,,,,,1,,,,,,,,,,,,,,,,,3,,,,,,,,,
,1,2,,1,,,,,,,,,,,,2,,,,,,,,,,,,,,,,,1,,,,,,,,,
,2,1,,1,,,,,,,,,,,,1,,,,,,,,,,,,,,,,,1,,,,,,,,,
,2,1,,1,,,,,,,,,,,,1,,,,,,,,,,,,,,,,,1,,,,,,,,,
,4,2,,1,,,,,,,,,,,,1,,,,,,,,,,,,,,,,,1,,,,,,,,,
,4,1,,1,,,,,,,,,,,,1,,,,,,,,,,,,,,,,,1,,,,,,,,,
,1,1,,2,,,,,,,,,,,,1,,,,,,,,,,,,,,,,,1,,,,,,,,,
,2,2,,4,,,,,,,,,,,,1,,,,,,,,,,,,,,,,,1,,,,,,,,,
,1,1,,1,,,,,,,,,,,,1,,,,,,,,,,,,,,,,,1,,,,,,,,,
,1,1,,1,,,,,,,,,,,,1,,,,,,,,,,,,,,,,,2,,,,,,,,,
,2,3,,2,,,,,,,,,,,,1,,,,,,,,,,,,,,,,,1,,,,,,,,,
,1,2,,2,,,,,,,,,,,,,,,,,,,,,,,,,,,,,1,,,,,,,,,
,1,2,,1,,,,,,,,,,,,,,,,,,,,,,,,,,,,,1,,,,,,,,,
,1,1,,1,,,,,,,,,,,,,,,,,,,,,,,,,,,,,1,,,,,,,,,
,1,2,,1,,,,,,,,,,,,,,,,,,,,,,,,,,,,,1,,,,,,,,,
,1,4,,1,,,,,,,,,,,,,,,,,,,,,,,,,,,,,1,,,,,,,,,
,1,3,,1,,,,,,,,,,,,,,,,,,,,,,,,,,,,,1,,,,,,,,,
,1,2,,4,,,,,,,,,,,,,,,,,,,,,,,,,,,,,1,,,,,,,,,
,1,4,,1,,,,,,,,,,,,,,,,,,,,,,,,,,,,,1,,,,,,,,,
,1,3,,1,,,,,,,,,,,,,,,,,,,,,,,,,,,,,2,,,,,,,,,
,1,5,,1,,,,,,,,,,,,,,,,,,,,,,,,,,,,,1,,,,,,,,,
,1,1,,1,,,,,,,,,,,,,,,,,,,,,,,,,,,,,1,,,,,,,,,
,2,6,,1,,,,,,,,,,,,,,,,,,,,,,,,,,,,,1,,,,,,,,,
,2,1,,2,,,,,,,,,,,,,,,,,,,,,,,,,,,,,1,,,,,,,,,
,2,1,,1,,,,,,,,,,,,,,,,,,,,,,,,,,,,,1,,,,,,,,,
,1,1,,1,,,,,,,,,,,,,,,,,,,,,,,,,,,,,1,,,,,,,,,
,1,1,,1,,,,,,,,,,,,,,,,,,,,,,,,,,,,,2,,,,,,,,,
,1,1,,1,,,,,,,,,,,,,,,,,,,,,,,,,,,,,1,,,,,,,,,
,1,2,,2,,,,,,,,,,,,,,,,,,,,,,,,,,,,,1,,,,,,,,,
,2,2,,1,,,,,,,,,,,,,,,,,,,,,,,,,,,,,,,,,,,,,,
,1,1,,2,,,,,,,,,,,,,,,,,,,,,,,,,,,,,,,,,,,,,,
,1,1,,1,,,,,,,,,,,,,,,,,,,,,,,,,,,,,,,,,,,,,,
,2,2,,2,,,,,,,,,,,,,,,,,,,,,,,,,,,,,,,,,,,,,,
,1,1,,2,,,,,,,,,,,,,,,,,,,,,,,,,,,,,,,,,,,,,,
,1,1,,1,,,,,,,,,,,,,,,,,,,,,,,,,,,,,,,,,,,,,,
,1,1,,1,,,,,,,,,,,,,,,,,,,,,,,,,,,,,,,,,,,,,,
,1,2,,1,,,,,,,,,,,,,,,,,,,,,,,,,,,,,,,,,,,,,,
,3,3,,1,,,,,,,,,,,,,,,,,,,,,,,,,,,,,,,,,,,,,,
,1,1,,1,,,,,,,,,,,,,,,,,,,,,,,,,,,,,,,,,,,,,,
,1,4,,1,,,,,,,,,,,,,,,,,,,,,,,,,,,,,,,,,,,,,,
,1,2,,1,,,,,,,,,,,,,,,,,,,,,,,,,,,,,,,,,,,,,,
,1,1,,2,,,,,,,,,,,,,,,,,,,,,,,,,,,,,,,,,,,,,,
,1,1,,1,,,,,,,,,,,,,,,,,,,,,,,,,,,,,,,,,,,,,,
,1,1,,2,,,,,,,,,,,,,,,,,,,,,,,,,,,,,,,,,,,,,,
,1,1,,1,,,,,,,,,,,,,,,,,,,,,,,,,,,,,,,,,,,,,,
,1,2,,1,,,,,,,,,,,,,,,,,,,,,,,,,,,,,,,,,,,,,,
,1,1,,1,,,,,,,,,,,,,,,,,,,,,,,,,,,,,,,,,,,,,,
,1,1,,1,,,,,,,,,,,,,,,,,,,,,,,,,,,,,,,,,,,,,,
,1,1,,1,,,,,,,,,,,,,,,,,,,,,,,,,,,,,,,,,,,,,,
,1,1,,1,,,,,,,,,,,,,,,,,,,,,,,,,,,,,,,,,,,,,,
,1,1,,1,,,,,,,,,,,,,,,,,,,,,,,,,,,,,,,,,,,,,,
,1,2,,3,,,,,,,,,,,,,,,,,,,,,,,,,,,,,,,,,,,,,,
,1,4,,1,,,,,,,,,,,,,,,,,,,,,,,,,,,,,,,,,,,,,,
,1,1,,1,,,,,,,,,,,,,,,,,,,,,,,,,,,,,,,,,,,,,,
,1,1,,1,,,,,,,,,,,,,,,,,,,,,,,,,,,,,,,,,,,,,,
,19,1,,1,,,,,,,,,,,,,,,,,,,,,,,,,,,,,,,,,,,,,,
,1,1,,1,,,,,,,,,,,,,,,,,,,,,,,,,,,,,,,,,,,,,,
,4,1,,1,,,,,,,,,,,,,,,,,,,,,,,,,,,,,,,,,,,,,,
,2,5,,1,,,,,,,,,,,,,,,,,,,,,,,,,,,,,,,,,,,,,,
,2,2,,1,,,,,,,,,,,,,,,,,,,,,,,,,,,,,,,,,,,,,,
,4,1,,1,,,,,,,,,,,,,,,,,,,,,,,,,,,,,,,,,,,,,,
,1,1,,2,,,,,,,,,,,,,,,,,,,,,,,,,,,,,,,,,,,,,,
,3,1,,1,,,,,,,,,,,,,,,,,,,,,,,,,,,,,,,,,,,,,,
,1,1,,1,,,,,,,,,,,,,,,,,,,,,,,,,,,,,,,,,,,,,,
,1,1,,1,,,,,,,,,,,,,,,,,,,,,,,,,,,,,,,,,,,,,,
,1,1,,1,,,,,,,,,,,,,,,,,,,,,,,,,,,,,,,,,,,,,,
,1,1,,2,,,,,,,,,,,,,,,,,,,,,,,,,,,,,,,,,,,,,,
,1,1,,1,,,,,,,,,,,,,,,,,,,,,,,,,,,,,,,,,,,,,,
,1,1,,1,,,,,,,,,,,,,,,,,,,,,,,,,,,,,,,,,,,,,,
,1,2,,5,,,,,,,,,,,,,,,,,,,,,,,,,,,,,,,,,,,,,,
,2,2,,5,,,,,,,,,,,,,,,,,,,,,,,,,,,,,,,,,,,,,,
,1,1,,1,,,,,,,,,,,,,,,,,,,,,,,,,,,,,,,,,,,,,,
,10,5,,1,,,,,,,,,,,,,,,,,,,,,,,,,,,,,,,,,,,,,,
,1,1,,3,,,,,,,,,,,,,,,,,,,,,,,,,,,,,,,,,,,,,,
,1,1,,2,,,,,,,,,,,,,,,,,,,,,,,,,,,,,,,,,,,,,,
,1,2,,1,,,,,,,,,,,,,,,,,,,,,,,,,,,,,,,,,,,,,,
,2,1,,3,,,,,,,,,,,,,,,,,,,,,,,,,,,,,,,,,,,,,,
,1,1,,1,,,,,,,,,,,,,,,,,,,,,,,,,,,,,,,,,,,,,,
,1,1,,1,,,,,,,,,,,,,,,,,,,,,,,,,,,,,,,,,,,,,,
,1,1,,5,,,,,,,,,,,,,,,,,,,,,,,,,,,,,,,,,,,,,,
,2,1,,1,,,,,,,,,,,,,,,,,,,,,,,,,,,,,,,,,,,,,,
,1,1,,1,,,,,,,,,,,,,,,,,,,,,,,,,,,,,,,,,,,,,,
,1,8,,1,,,,,,,,,,,,,,,,,,,,,,,,,,,,,,,,,,,,,,
,1,1,,5,,,,,,,,,,,,,,,,,,,,,,,,,,,,,,,,,,,,,,
,1,4,,5,,,,,,,,,,,,,,,,,,,,,,,,,,,,,,,,,,,,,,
,1,2,,2,,,,,,,,,,,,,,,,,,,,,,,,,,,,,,,,,,,,,,
,1,1,,1,,,,,,,,,,,,,,,,,,,,,,,,,,,,,,,,,,,,,,
,1,1,,5,,,,,,,,,,,,,,,,,,,,,,,,,,,,,,,,,,,,,,
,1,1,,1,,,,,,,,,,,,,,,,,,,,,,,,,,,,,,,,,,,,,,
,1,4,,1,,,,,,,,,,,,,,,,,,,,,,,,,,,,,,,,,,,,,,
,2,1,,5,,,,,,,,,,,,,,,,,,,,,,,,,,,,,,,,,,,,,,
,1,2,,1,,,,,,,,,,,,,,,,,,,,,,,,,,,,,,,,,,,,,,
,1,3,,3,,,,,,,,,,,,,,,,,,,,,,,,,,,,,,,,,,,,,,
,2,1,,1,,,,,,,,,,,,,,,,,,,,,,,,,,,,,,,,,,,,,,
,1,1,,1,,,,,,,,,,,,,,,,,,,,,,,,,,,,,,,,,,,,,,
,1,1,,1,,,,,,,,,,,,,,,,,,,,,,,,,,,,,,,,,,,,,,
,1,2,,1,,,,,,,,,,,,,,,,,,,,,,,,,,,,,,,,,,,,,,
,1,2,,1,,,,,,,,,,,,,,,,,,,,,,,,,,,,,,,,,,,,,,
,1,2,,1,,,,,,,,,,,,,,,,,,,,,,,,,,,,,,,,,,,,,,
,1,2,,1,,,,,,,,,,,,,,,,,,,,,,,,,,,,,,,,,,,,,,
,1,1,,1,,,,,,,,,,,,,,,,,,,,,,,,,,,,,,,,,,,,,,
,3,1,,1,,,,,,,,,,,,,,,,,,,,,,,,,,,,,,,,,,,,,,
,2,1,,1,,,,,,,,,,,,,,,,,,,,,,,,,,,,,,,,,,,,,,
,1,1,,1,,,,,,,,,,,,,,,,,,,,,,,,,,,,,,,,,,,,,,
,2,1,,1,,,,,,,,,,,,,,,,,,,,,,,,,,,,,,,,,,,,,,
,2,1,,3,,,,,,,,,,,,,,,,,,,,,,,,,,,,,,,,,,,,,,
,2,1,,2,,,,,,,,,,,,,,,,,,,,,,,,,,,,,,,,,,,,,,
,1,1,,1,,,,,,,,,,,,,,,,,,,,,,,,,,,,,,,,,,,,,,
,2,1,,1,,,,,,,,,,,,,,,,,,,,,,,,,,,,,,,,,,,,,,
,3,2,,1,,,,,,,,,,,,,,,,,,,,,,,,,,,,,,,,,,,,,,
,2,1,,1,,,,,,,,,,,,,,,,,,,,,,,,,,,,,,,,,,,,,,
,2,1,,1,,,,,,,,,,,,,,,,,,,,,,,,,,,,,,,,,,,,,,
,2,1,,1,,,,,,,,,,,,,,,,,,,,,,,,,,,,,,,,,,,,,,
,2,1,,1,,,,,,,,,,,,,,,,,,,,,,,,,,,,,,,,,,,,,,
,2,2,,1,,,,,,,,,,,,,,,,,,,,,,,,,,,,,,,,,,,,,,
,2,1,,2,,,,,,,,,,,,,,,,,,,,,,,,,,,,,,,,,,,,,,
,...,...,,1,,,,,,,,,,,,,,,,,,,,,,,,,,,,,,,,,,,,,,
,1,1,,1,,,,,,,,,,,,,,,,,,,,,,,,,,,,,,,,,,,,,,
,1,2,,1,,,,,,,,,,,,,,,,,,,,,,,,,,,,,,,,,,,,,,
,1,2,,1,,,,,,,,,,,,,,,,,,,,,,,,,,,,,,,,,,,,,,
,1,1,,1,,,,,,,,,,,,,,,,,,,,,,,,,,,,,,,,,,,,,,
,1,1,,1,,,,,,,,,,,,,,,,,,,,,,,,,,,,,,,,,,,,,,
,1,1,,1,,,,,,,,,,,,,,,,,,,,,,,,,,,,,,,,,,,,,,
,1,1,,1,,,,,,,,,,,,,,,,,,,,,,,,,,,,,,,,,,,,,,
,1,1,,1,,,,,,,,,,,,,,,,,,,,,,,,,,,,,,,,,,,,,,
,1,1,,1,,,,,,,,,,,,,,,,,,,,,,,,,,,,,,,,,,,,,,
,2,5,,1,,,,,,,,,,,,,,,,,,,,,,,,,,,,,,,,,,,,,,
,1,2,,1,,,,,,,,,,,,,,,,,,,,,,,,,,,,,,,,,,,,,,
,1,1,,1,,,,,,,,,,,,,,,,,,,,,,,,,,,,,,,,,,,,,,
,1,5,,3,,,,,,,,,,,,,,,,,,,,,,,,,,,,,,,,,,,,,,
,1,5,,1,,,,,,,,,,,,,,,,,,,,,,,,,,,,,,,,,,,,,,
,1,1,,1,,,,,,,,,,,,,,,,,,,,,,,,,,,,,,,,,,,,,,
,1,1,,1,,,,,,,,,,,,,,,,,,,,,,,,,,,,,,,,,,,,,,
,2,1,,1,,,,,,,,,,,,,,,,,,,,,,,,,,,,,,,,,,,,,,
,1,1,,1,,,,,,,,,,,,,,,,,,,,,,,,,,,,,,,,,,,,,,
,1,2,,1,,,,,,,,,,,,,,,,,,,,,,,,,,,,,,,,,,,,,,
,1,1,,3,,,,,,,,,,,,,,,,,,,,,,,,,,,,,,,,,,,,,,
,1,1,,1,,,,,,,,,,,,,,,,,,,,,,,,,,,,,,,,,,,,,,
,1,1,,1,,,,,,,,,,,,,,,,,,,,,,,,,,,,,,,,,,,,,,
,1,4,,1,,,,,,,,,,,,,,,,,,,,,,,,,,,,,,,,,,,,,,
,1,2,,1,,,,,,,,,,,,,,,,,,,,,,,,,,,,,,,,,,,,,,
,1,2,,1,,,,,,,,,,,,,,,,,,,,,,,,,,,,,,,,,,,,,,
,2,1,,1,,,,,,,,,,,,,,,,,,,,,,,,,,,,,,,,,,,,,,
,1,1,,1,,,,,,,,,,,,,,,,,,,,,,,,,,,,,,,,,,,,,,
,1,1,,1,,,,,,,,,,,,,,,,,,,,,,,,,,,,,,,,,,,,,,
,1,4,,1,,,,,,,,,,,,,,,,,,,,,,,,,,,,,,,,,,,,,,
,1,1,,1,,,,,,,,,,,,,,,,,,,,,,,,,,,,,,,,,,,,,,
,1,6,,1,,,,,,,,,,,,,,,,,,,,,,,,,,,,,,,,,,,,,,
,1,1,,3,,,,,,,,,,,,,,,,,,,,,,,,,,,,,,,,,,,,,,
,1,2,,1,,,,,,,,,,,,,,,,,,,,,,,,,,,,,,,,,,,,,,
,1,2,,1,,,,,,,,,,,,,,,,,,,,,,,,,,,,,,,,,,,,,,
,1,2,,1,,,,,,,,,,,,,,,,,,,,,,,,,,,,,,,,,,,,,,
,1,1,,1,,,,,,,,,,,,,,,,,,,,,,,,,,,,,,,,,,,,,,
,1,2,,1,,,,,,,,,,,,,,,,,,,,,,,,,,,,,,,,,,,,,,
,1,1,,3,,,,,,,,,,,,,,,,,,,,,,,,,,,,,,,,,,,,,,
,1,1,,2,,,,,,,,,,,,,,,,,,,,,,,,,,,,,,,,,,,,,,
,1,1,,1,,,,,,,,,,,,,,,,,,,,,,,,,,,,,,,,,,,,,,
,1,2,,1,,,,,,,,,,,,,,,,,,,,,,,,,,,,,,,,,,,,,,
,1,4,,1,,,,,,,,,,,,,,,,,,,,,,,,,,,,,,,,,,,,,,
,1,4,,1,,,,,,,,,,,,,,,,,,,,,,,,,,,,,,,,,,,,,,
,1,1,,2,,,,,,,,,,,,,,,,,,,,,,,,,,,,,,,,,,,,,,
,2,1,,1,,,,,,,,,,,,,,,,,,,,,,,,,,,,,,,,,,,,,,
,1,1,,1,,,,,,,,,,,,,,,,,,,,,,,,,,,,,,,,,,,,,,
,1,1,,1,,,,,,,,,,,,,,,,,,,,,,,,,,,,,,,,,,,,,,
,1,1,,2,,,,,,,,,,,,,,,,,,,,,,,,,,,,,,,,,,,,,,
,2,1,,2,,,,,,,,,,,,,,,,,,,,,,,,,,,,,,,,,,,,,,
,1,1,,2,,,,,,,,,,,,,,,,,,,,,,,,,,,,,,,,,,,,,,
,2,1,,1,,,,,,,,,,,,,,,,,,,,,,,,,,,,,,,,,,,,,,
,1,1,,1,,,,,,,,,,,,,,,,,,,,,,,,,,,,,,,,,,,,,,
,1,2,,1,,,,,,,,,,,,,,,,,,,,,,,,,,,,,,,,,,,,,,
,1,4,,1,,,,,,,,,,,,,,,,,,,,,,,,,,,,,,,,,,,,,,
,2,2,,1,,,,,,,,,,,,,,,,,,,,,,,,,,,,,,,,,,,,,,
,1,1,,1,,,,,,,,,,,,,,,,,,,,,,,,,,,,,,,,,,,,,,
,2,2,,2,,,,,,,,,,,,,,,,,,,,,,,,,,,,,,,,,,,,,,
,1,4,,1,,,,,,,,,,,,,,,,,,,,,,,,,,,,,,,,,,,,,,
,1,1,,1,,,,,,,,,,,,,,,,,,,,,,,,,,,,,,,,,,,,,,
,1,1,,1,,,,,,,,,,,,,,,,,,,,,,,,,,,,,,,,,,,,,,
,1,1,,1,,,,,,,,,,,,,,,,,,,,,,,,,,,,,,,,,,,,,,
,1,1,,1,,,,,,,,,,,,,,,,,,,,,,,,,,,,,,,,,,,,,,
,1,2,,1,,,,,,,,,,,,,,,,,,,,,,,,,,,,,,,,,,,,,,
,2,1,,1,,,,,,,,,,,,,,,,,,,,,,,,,,,,,,,,,,,,,,
,2,1,,1,,,,,,,,,,,,,,,,,,,,,,,,,,,,,,,,,,,,,,
,1,1,,1,,,,,,,,,,,,,,,,,,,,,,,,,,,,,,,,,,,,,,
,2,1,,1,,,,,,,,,,,,,,,,,,,,,,,,,,,,,,,,,,,,,,
,1,1,,1,,,,,,,,,,,,,,,,,,,,,,,,,,,,,,,,,,,,,,
,1,1,,1,,,,,,,,,,,,,,,,,,,,,,,,,,,,,,,,,,,,,,
,1,1,,1,,,,,,,,,,,,,,,,,,,,,,,,,,,,,,,,,,,,,,
,1,40,,1,,,,,,,,,,,,,,,,,,,,,,,,,,,,,,,,,,,,,,
,1,96,,1,,,,,,,,,,,,,,,,,,,,,,,,,,,,,,,,,,,,,,
,1,2,,2,,,,,,,,,,,,,,,,,,,,,,,,,,,,,,,,,,,,,,
,1,1,,1,,,,,,,,,,,,,,,,,,,,,,,,,,,,,,,,,,,,,,
,1,1,,1,,,,,,,,,,,,,,,,,,,,,,,,,,,,,,,,,,,,,,
,1,1,,1,,,,,,,,,,,,,,,,,,,,,,,,,,,,,,,,,,,,,,
,2,1,,1,,,,,,,,,,,,,,,,,,,,,,,,,,,,,,,,,,,,,,
,1,5,,1,,,,,,,,,,,,,,,,,,,,,,,,,,,,,,,,,,,,,,
,2,1,,1,,,,,,,,,,,,,,,,,,,,,,,,,,,,,,,,,,,,,,
,1,1,,1,,,,,,,,,,,,,,,,,,,,,,,,,,,,,,,,,,,,,,
,2,1,,1,,,,,,,,,,,,,,,,,,,,,,,,,,,,,,,,,,,,,,
,1,1,,1,,,,,,,,,,,,,,,,,,,,,,,,,,,,,,,,,,,,,,
,1,1,,2,,,,,,,,,,,,,,,,,,,,,,,,,,,,,,,,,,,,,,
,1,1,,1,,,,,,,,,,,,,,,,,,,,,,,,,,,,,,,,,,,,,,
,1,1,,1,,,,,,,,,,,,,,,,,,,,,,,,,,,,,,,,,,,,,,
,1,2,,1,,,,,,,,,,,,,,,,,,,,,,,,,,,,,,,,,,,,,,
,4,1,,1,,,,,,,,,,,,,,,,,,,,,,,,,,,,,,,,,,,,,,
,2,1,,1,,,,,,,,,,,,,,,,,,,,,,,,,,,,,,,,,,,,,,
,1,1,,1,,,,,,,,,,,,,,,,,,,,,,,,,,,,,,,,,,,,,,
,1,1,,1,,,,,,,,,,,,,,,,,,,,,,,,,,,,,,,,,,,,,,
,1,1,,1,,,,,,,,,,,,,,,,,,,,,,,,,,,,,,,,,,,,,,
,1,1,,1,,,,,,,,,,,,,,,,,,,,,,,,,,,,,,,,,,,,,,
,1,2,,1,,,,,,,,,,,,,,,,,,,,,,,,,,,,,,,,,,,,,,
,1,1,,1,,,,,,,,,,,,,,,,,,,,,,,,,,,,,,,,,,,,,,
,1,1,,1,,,,,,,,,,,,,,,,,,,,,,,,,,,,,,,,,,,,,,
,1,2,,1,,,,,,,,,,,,,,,,,,,,,,,,,,,,,,,,,,,,,,
,2,3,,3,,,,,,,,,,,,,,,,,,,,,,,,,,,,,,,,,,,,,,
,2,2,,1,,,,,,,,,,,,,,,,,,,,,,,,,,,,,,,,,,,,,,
,1,1,,2,,,,,,,,,,,,,,,,,,,,,,,,,,,,,,,,,,,,,,
,1,1,,2,,,,,,,,,,,,,,,,,,,,,,,,,,,,,,,,,,,,,,
,1,1,,1,,,,,,,,,,,,,,,,,,,,,,,,,,,,,,,,,,,,,,
,2,1,,1,,,,,,,,,,,,,,,,,,,,,,,,,,,,,,,,,,,,,,
,2,3,,1,,,,,,,,,,,,,,,,,,,,,,,,,,,,,,,,,,,,,,
,1,1,,2,,,,,,,,,,,,,,,,,,,,,,,,,,,,,,,,,,,,,,
,1,1,,2,,,,,,,,,,,,,,,,,,,,,,,,,,,,,,,,,,,,,,
,1,1,,4,,,,,,,,,,,,,,,,,,,,,,,,,,,,,,,,,,,,,,
,1,1,,1,,,,,,,,,,,,,,,,,,,,,,,,,,,,,,,,,,,,,,
,1,1,,1,,,,,,,,,,,,,,,,,,,,,,,,,,,,,,,,,,,,,,
,1,5,,1,,,,,,,,,,,,,,,,,,,,,,,,,,,,,,,,,,,,,,
,1,3,,1,,,,,,,,,,,,,,,,,,,,,,,,,,,,,,,,,,,,,,
,1,1,,1,,,,,,,,,,,,,,,,,,,,,,,,,,,,,,,,,,,,,,
,2,1,,1,,,,,,,,,,,,,,,,,,,,,,,,,,,,,,,,,,,,,,
,1,1,,1,,,,,,,,,,,,,,,,,,,,,,,,,,,,,,,,,,,,,,
,1,1,,2,,,,,,,,,,,,,,,,,,,,,,,,,,,,,,,,,,,,,,
,2,1,,1,,,,,,,,,,,,,,,,,,,,,,,,,,,,,,,,,,,,,,
,1,1,,1,,,,,,,,,,,,,,,,,,,,,,,,,,,,,,,,,,,,,,
,1,1,,1,,,,,,,,,,,,,,,,,,,,,,,,,,,,,,,,,,,,,,
,1,2,,1,,,,,,,,,,,,,,,,,,,,,,,,,,,,,,,,,,,,,,
,1,1,,1,,,,,,,,,,,,,,,,,,,,,,,,,,,,,,,,,,,,,,
,1,1,,1,,,,,,,,,,,,,,,,,,,,,,,,,,,,,,,,,,,,,,
,1,2,,1,,,,,,,,,,,,,,,,,,,,,,,,,,,,,,,,,,,,,,
,1,2,,1,,,,,,,,,,,,,,,,,,,,,,,,,,,,,,,,,,,,,,
,1,2,,2,,,,,,,,,,,,,,,,,,,,,,,,,,,,,,,,,,,,,,
,1,2,,1,,,,,,,,,,,,,,,,,,,,,,,,,,,,,,,,,,,,,,
,3,1,,1,,,,,,,,,,,,,,,,,,,,,,,,,,,,,,,,,,,,,,
,1,1,,1,,,,,,,,,,,,,,,,,,,,,,,,,,,,,,,,,,,,,,
,1,1,,1,,,,,,,,,,,,,,,,,,,,,,,,,,,,,,,,,,,,,,
,1,1,,1,,,,,,,,,,,,,,,,,,,,,,,,,,,,,,,,,,,,,,
,1,5,,1,,,,,,,,,,,,,,,,,,,,,,,,,,,,,,,,,,,,,,
,1,1,,1,,,,,,,,,,,,,,,,,,,,,,,,,,,,,,,,,,,,,,
,1,2,,1,,,,,,,,,,,,,,,,,,,,,,,,,,,,,,,,,,,,,,
,1,2,,1,,,,,,,,,,,,,,,,,,,,,,,,,,,,,,,,,,,,,,
,2,1,,2,,,,,,,,,,,,,,,,,,,,,,,,,,,,,,,,,,,,,,
,1,1,,1,,,,,,,,,,,,,,,,,,,,,,,,,,,,,,,,,,,,,,
,1,1,,1,,,,,,,,,,,,,,,,,,,,,,,,,,,,,,,,,,,,,,
,2,2,,1,,,,,,,,,,,,,,,,,,,,,,,,,,,,,,,,,,,,,,
,1,1,,1,,,,,,,,,,,,,,,,,,,,,,,,,,,,,,,,,,,,,,
,1,2,,2,,,,,,,,,,,,,,,,,,,,,,,,,,,,,,,,,,,,,,
,2,1,,1,,,,,,,,,,,,,,,,,,,,,,,,,,,,,,,,,,,,,,
,1,2,,1,,,,,,,,,,,,,,,,,,,,,,,,,,,,,,,,,,,,,,
,1,2,,1,,,,,,,,,,,,,,,,,,,,,,,,,,,,,,,,,,,,,,
,1,1,,1,,,,,,,,,,,,,,,,,,,,,,,,,,,,,,,,,,,,,,
,1,1,,1,,,,,,,,,,,,,,,,,,,,,,,,,,,,,,,,,,,,,,
,2,1,,1,,,,,,,,,,,,,,,,,,,,,,,,,,,,,,,,,,,,,,
,2,1,,2,,,,,,,,,,,,,,,,,,,,,,,,,,,,,,,,,,,,,,
,2,1,,2,,,,,,,,,,,,,,,,,,,,,,,,,,,,,,,,,,,,,,
,1,1,,1,,,,,,,,,,,,,,,,,,,,,,,,,,,,,,,,,,,,,,
,1,1,,1,,,,,,,,,,,,,,,,,,,,,,,,,,,,,,,,,,,,,,
,1,1,,1,,,,,,,,,,,,,,,,,,,,,,,,,,,,,,,,,,,,,,
,1,2,,1,,,,,,,,,,,,,,,,,,,,,,,,,,,,,,,,,,,,,,
,1,2,,1,,,,,,,,,,,,,,,,,,,,,,,,,,,,,,,,,,,,,,
,2,1,,1,,,,,,,,,,,,,,,,,,,,,,,,,,,,,,,,,,,,,,
,1,1,,1,,,,,,,,,,,,,,,,,,,,,,,,,,,,,,,,,,,,,,
,1,2,,1,,,,,,,,,,,,,,,,,,,,,,,,,,,,,,,,,,,,,,
,3,1,,3,,,,,,,,,,,,,,,,,,,,,,,,,,,,,,,,,,,,,,
,2,2,,1,,,,,,,,,,,,,,,,,,,,,,,,,,,,,,,,,,,,,,
,1,1,,1,,,,,,,,,,,,,,,,,,,,,,,,,,,,,,,,,,,,,,
,1,1,,2,,,,,,,,,,,,,,,,,,,,,,,,,,,,,,,,,,,,,,
,1,3,,1,,,,,,,,,,,,,,,,,,,,,,,,,,,,,,,,,,,,,,
,1,1,,1,,,,,,,,,,,,,,,,,,,,,,,,,,,,,,,,,,,,,,
,1,1,,1,,,,,,,,,,,,,,,,,,,,,,,,,,,,,,,,,,,,,,
,2,1,,1,,,,,,,,,,,,,,,,,,,,,,,,,,,,,,,,,,,,,,
,2,2,,1,,,,,,,,,,,,,,,,,,,,,,,,,,,,,,,,,,,,,,
,1,2,,1,,,,,,,,,,,,,,,,,,,,,,,,,,,,,,,,,,,,,,
,1,2,,1,,,,,,,,,,,,,,,,,,,,,,,,,,,,,,,,,,,,,,
,1,1,,1,,,,,,,,,,,,,,,,,,,,,,,,,,,,,,,,,,,,,,
,1,1,,1,,,,,,,,,,,,,,,,,,,,,,,,,,,,,,,,,,,,,,
,2,1,,1,,,,,,,,,,,,,,,,,,,,,,,,,,,,,,,,,,,,,,
,1,1,,1,,,,,,,,,,,,,,,,,,,,,,,,,,,,,,,,,,,,,,
,2,2,,1,,,,,,,,,,,,,,,,,,,,,,,,,,,,,,,,,,,,,,
,1,1,,1,,,,,,,,,,,,,,,,,,,,,,,,,,,,,,,,,,,,,,
,1,2,,1,,,,,,,,,,,,,,,,,,,,,,,,,,,,,,,,,,,,,,
,1,2,,1,,,,,,,,,,,,,,,,,,,,,,,,,,,,,,,,,,,,,,
,2,1,,1,,,,,,,,,,,,,,,,,,,,,,,,,,,,,,,,,,,,,,
,1,2,,1,,,,,,,,,,,,,,,,,,,,,,,,,,,,,,,,,,,,,,
,1,3,,1,,,,,,,,,,,,,,,,,,,,,,,,,,,,,,,,,,,,,,
,1,1,,2,,,,,,,,,,,,,,,,,,,,,,,,,,,,,,,,,,,,,,
,1,1,,1,,,,,,,,,,,,,,,,,,,,,,,,,,,,,,,,,,,,,,
,1,1,,1,,,,,,,,,,,,,,,,,,,,,,,,,,,,,,,,,,,,,,
,1,1,,1,,,,,,,,,,,,,,,,,,,,,,,,,,,,,,,,,,,,,,
,1,2,,1,,,,,,,,,,,,,,,,,,,,,,,,,,,,,,,,,,,,,,
,1,1,,1,,,,,,,,,,,,,,,,,,,,,,,,,,,,,,,,,,,,,,
,1,4,,1,,,,,,,,,,,,,,,,,,,,,,,,,,,,,,,,,,,,,,
,1,4,,1,,,,,,,,,,,,,,,,,,,,,,,,,,,,,,,,,,,,,,
,1,1,,1,,,,,,,,,,,,,,,,,,,,,,,,,,,,,,,,,,,,,,
,2,1,,1,,,,,,,,,,,,,,,,,,,,,,,,,,,,,,,,,,,,,,
,1,2,,1,,,,,,,,,,,,,,,,,,,,,,,,,,,,,,,,,,,,,,
,2,1,,2,,,,,,,,,,,,,,,,,,,,,,,,,,,,,,,,,,,,,,
,1,2,,1,,,,,,,,,,,,,,,,,,,,,,,,,,,,,,,,,,,,,,
,1,1,,1,,,,,,,,,,,,,,,,,,,,,,,,,,,,,,,,,,,,,,
,1,3,,1,,,,,,,,,,,,,,,,,,,,,,,,,,,,,,,,,,,,,,
,1,2,,1,,,,,,,,,,,,,,,,,,,,,,,,,,,,,,,,,,,,,,
,1,3,,1,,,,,,,,,,,,,,,,,,,,,,,,,,,,,,,,,,,,,,
,1,2,,2,,,,,,,,,,,,,,,,,,,,,,,,,,,,,,,,,,,,,,
,1,3,,2,,,,,,,,,,,,,,,,,,,,,,,,,,,,,,,,,,,,,,
,1,1,,1,,,,,,,,,,,,,,,,,,,,,,,,,,,,,,,,,,,,,,
,2,1,,1,,,,,,,,,,,,,,,,,,,,,,,,,,,,,,,,,,,,,,
,1,2,,1,,,,,,,,,,,,,,,,,,,,,,,,,,,,,,,,,,,,,,
,1,1,,1,,,,,,,,,,,,,,,,,,,,,,,,,,,,,,,,,,,,,,
,1,1,,1,,,,,,,,,,,,,,,,,,,,,,,,,,,,,,,,,,,,,,
,1,1,,1,,,,,,,,,,,,,,,,,,,,,,,,,,,,,,,,,,,,,,
,1,1,,1,,,,,,,,,,,,,,,,,,,,,,,,,,,,,,,,,,,,,,
,1,1,,2,,,,,,,,,,,,,,,,,,,,,,,,,,,,,,,,,,,,,,
,1,1,,1,,,,,,,,,,,,,,,,,,,,,,,,,,,,,,,,,,,,,,
,2,1,,2,,,,,,,,,,,,,,,,,,,,,,,,,,,,,,,,,,,,,,
,1,1,,1,,,,,,,,,,,,,,,,,,,,,,,,,,,,,,,,,,,,,,
,1,1,,1,,,,,,,,,,,,,,,,,,,,,,,,,,,,,,,,,,,,,,
,1,1,,1,,,,,,,,,,,,,,,,,,,,,,,,,,,,,,,,,,,,,,
,1,1,,3,,,,,,,,,,,,,,,,,,,,,,,,,,,,,,,,,,,,,,
,1,1,,2,,,,,,,,,,,,,,,,,,,,,,,,,,,,,,,,,,,,,,
,1,1,,1,,,,,,,,,,,,,,,,,,,,,,,,,,,,,,,,,,,,,,
,1,1,,3,,,,,,,,,,,,,,,,,,,,,,,,,,,,,,,,,,,,,,
,2,5,,1,,,,,,,,,,,,,,,,,,,,,,,,,,,,,,,,,,,,,,
,1,2,,1,,,,,,,,,,,,,,,,,,,,,,,,,,,,,,,,,,,,,,
,2,1,,1,,,,,,,,,,,,,,,,,,,,,,,,,,,,,,,,,,,,,,
,1,1,,2,,,,,,,,,,,,,,,,,,,,,,,,,,,,,,,,,,,,,,
,1,2,,1,,,,,,,,,,,,,,,,,,,,,,,,,,,,,,,,,,,,,,
,1,2,,6,,,,,,,,,,,,,,,,,,,,,,,,,,,,,,,,,,,,,,
,1,1,,1,,,,,,,,,,,,,,,,,,,,,,,,,,,,,,,,,,,,,,
,1,1,,2,,,,,,,,,,,,,,,,,,,,,,,,,,,,,,,,,,,,,,
,1,1,,1,,,,,,,,,,,,,,,,,,,,,,,,,,,,,,,,,,,,,,
,1,1,,,,,,,,,,,,,,,,,,,,,,,,,,,,,,,,,,,,,,,,
,1,1,,,,,,,,,,,,,,,,,,,,,,,,,,,,,,,,,,,,,,,,
,1,1,,,,,,,,,,,,,,,,,,,,,,,,,,,,,,,,,,,,,,,,
,2,1,,,,,,,,,,,,,,,,,,,,,,,,,,,,,,,,,,,,,,,,
,1,1,,,,,,,,,,,,,,,,,,,,,,,,,,,,,,,,,,,,,,,,
,1,1,,,,,,,,,,,,,,,,,,,,,,,,,,,,,,,,,,,,,,,,
,1,1,,,,,,,,,,,,,,,,,,,,,,,,,,,,,,,,,,,,,,,,
,1,2,,,,,,,,,,,,,,,,,,,,,,,,,,,,,,,,,,,,,,,,
,1,2,,,,,,,,,,,,,,,,,,,,,,,,,,,,,,,,,,,,,,,,
,1,1,,,,,,,,,,,,,,,,,,,,,,,,,,,,,,,,,,,,,,,,
,2,1,,,,,,,,,,,,,,,,,,,,,,,,,,,,,,,,,,,,,,,,
,1,1,,,,,,,,,,,,,,,,,,,,,,,,,,,,,,,,,,,,,,,,
,1,1,,,,,,,,,,,,,,,,,,,,,,,,,,,,,,,,,,,,,,,,
,2,3,,,,,,,,,,,,,,,,,,,,,,,,,,,,,,,,,,,,,,,,
,1,2,,,,,,,,,,,,,,,,,,,,,,,,,,,,,,,,,,,,,,,,
,2,1,,,,,,,,,,,,,,,,,,,,,,,,,,,,,,,,,,,,,,,,
,1,1,,,,,,,,,,,,,,,,,,,,,,,,,,,,,,,,,,,,,,,,
,1,1,,,,,,,,,,,,,,,,,,,,,,,,,,,,,,,,,,,,,,,,
,1,1,,,,,,,,,,,,,,,,,,,,,,,,,,,,,,,,,,,,,,,,
,1,5,,,,,,,,,,,,,,,,,,,,,,,,,,,,,,,,,,,,,,,,
,1,1,,,,,,,,,,,,,,,,,,,,,,,,,,,,,,,,,,,,,,,,
,2,1,,,,,,,,,,,,,,,,,,,,,,,,,,,,,,,,,,,,,,,,
,1,1,,,,,,,,,,,,,,,,,,,,,,,,,,,,,,,,,,,,,,,,
,1,2,,,,,,,,,,,,,,,,,,,,,,,,,,,,,,,,,,,,,,,,
,2,1,,,,,,,,,,,,,,,,,,,,,,,,,,,,,,,,,,,,,,,,
,1,1,,,,,,,,,,,,,,,,,,,,,,,,,,,,,,,,,,,,,,,,
,1,2,,,,,,,,,,,,,,,,,,,,,,,,,,,,,,,,,,,,,,,,
,1,3,,,,,,,,,,,,,,,,,,,,,,,,,,,,,,,,,,,,,,,,
,1,1,,,,,,,,,,,,,,,,,,,,,,,,,,,,,,,,,,,,,,,,
,2,1,,,,,,,,,,,,,,,,,,,,,,,,,,,,,,,,,,,,,,,,
,5,2,,,,,,,,,,,,,,,,,,,,,,,,,,,,,,,,,,,,,,,,
,1,1,,,,,,,,,,,,,,,,,,,,,,,,,,,,,,,,,,,,,,,,
,1,1,,,,,,,,,,,,,,,,,,,,,,,,,,,,,,,,,,,,,,,,
,1,1,,,,,,,,,,,,,,,,,,,,,,,,,,,,,,,,,,,,,,,,
,1,1,,,,,,,,,,,,,,,,,,,,,,,,,,,,,,,,,,,,,,,,
,1,1,,,,,,,,,,,,,,,,,,,,,,,,,,,,,,,,,,,,,,,,
,2,1,,,,,,,,,,,,,,,,,,,,,,,,,,,,,,,,,,,,,,,,
,1,10,,,,,,,,,,,,,,,,,,,,,,,,,,,,,,,,,,,,,,,,
,2,10,,,,,,,,,,,,,,,,,,,,,,,,,,,,,,,,,,,,,,,,
,1,1,,,,,,,,,,,,,,,,,,,,,,,,,,,,,,,,,,,,,,,,
,2,1,,,,,,,,,,,,,,,,,,,,,,,,,,,,,,,,,,,,,,,,
,1,1,,,,,,,,,,,,,,,,,,,,,,,,,,,,,,,,,,,,,,,,
,2,1,,,,,,,,,,,,,,,,,,,,,,,,,,,,,,,,,,,,,,,,
,1,1,,,,,,,,,,,,,,,,,,,,,,,,,,,,,,,,,,,,,,,,
,1,2,,,,,,,,,,,,,,,,,,,,,,,,,,,,,,,,,,,,,,,,
,1,1,,,,,,,,,,,,,,,,,,,,,,,,,,,,,,,,,,,,,,,,
,1,2,,,,,,,,,,,,,,,,,,,,,,,,,,,,,,,,,,,,,,,,
,1,1,,,,,,,,,,,,,,,,,,,,,,,,,,,,,,,,,,,,,,,,
,1,1,,,,,,,,,,,,,,,,,,,,,,,,,,,,,,,,,,,,,,,,
,2,2,,,,,,,,,,,,,,,,,,,,,,,,,,,,,,,,,,,,,,,,
,1,2,,,,,,,,,,,,,,,,,,,,,,,,,,,,,,,,,,,,,,,,
,2,1,,,,,,,,,,,,,,,,,,,,,,,,,,,,,,,,,,,,,,,,
,1,1,,,,,,,,,,,,,,,,,,,,,,,,,,,,,,,,,,,,,,,,
,1,1,,,,,,,,,,,,,,,,,,,,,,,,,,,,,,,,,,,,,,,,
,1,1,,,,,,,,,,,,,,,,,,,,,,,,,,,,,,,,,,,,,,,,
,2,2,,,,,,,,,,,,,,,,,,,,,,,,,,,,,,,,,,,,,,,,
,2,3,,,,,,,,,,,,,,,,,,,,,,,,,,,,,,,,,,,,,,,,
,1,3,,,,,,,,,,,,,,,,,,,,,,,,,,,,,,,,,,,,,,,,
,1,2,,,,,,,,,,,,,,,,,,,,,,,,,,,,,,,,,,,,,,,,
,1,2,,,,,,,,,,,,,,,,,,,,,,,,,,,,,,,,,,,,,,,,
,1,2,,,,,,,,,,,,,,,,,,,,,,,,,,,,,,,,,,,,,,,,
,1,5,,,,,,,,,,,,,,,,,,,,,,,,,,,,,,,,,,,,,,,,
,1,1,,,,,,,,,,,,,,,,,,,,,,,,,,,,,,,,,,,,,,,,
,2,3,,,,,,,,,,,,,,,,,,,,,,,,,,,,,,,,,,,,,,,,
,1,2,,,,,,,,,,,,,,,,,,,,,,,,,,,,,,,,,,,,,,,,
,1,2,,,,,,,,,,,,,,,,,,,,,,,,,,,,,,,,,,,,,,,,
,2,6,,,,,,,,,,,,,,,,,,,,,,,,,,,,,,,,,,,,,,,,
,1,2,,,,,,,,,,,,,,,,,,,,,,,,,,,,,,,,,,,,,,,,
,2,1,,,,,,,,,,,,,,,,,,,,,,,,,,,,,,,,,,,,,,,,
,1,1,,,,,,,,,,,,,,,,,,,,,,,,,,,,,,,,,,,,,,,,
,1,1,,,,,,,,,,,,,,,,,,,,,,,,,,,,,,,,,,,,,,,,
,1,1,,,,,,,,,,,,,,,,,,,,,,,,,,,,,,,,,,,,,,,,
,1,1,,,,,,,,,,,,,,,,,,,,,,,,,,,,,,,,,,,,,,,,
,1,1,,,,,,,,,,,,,,,,,,,,,,,,,,,,,,,,,,,,,,,,
,1,2,,,,,,,,,,,,,,,,,,,,,,,,,,,,,,,,,,,,,,,,
,1,1,,,,,,,,,,,,,,,,,,,,,,,,,,,,,,,,,,,,,,,,
,2,1,,,,,,,,,,,,,,,,,,,,,,,,,,,,,,,,,,,,,,,,
,1,2,,,,,,,,,,,,,,,,,,,,,,,,,,,,,,,,,,,,,,,,
,1,1,,,,,,,,,,,,,,,,,,,,,,,,,,,,,,,,,,,,,,,,
,1,1,,,,,,,,,,,,,,,,,,,,,,,,,,,,,,,,,,,,,,,,
,1,1,,,,,,,,,,,,,,,,,,,,,,,,,,,,,,,,,,,,,,,,
,1,2,,,,,,,,,,,,,,,,,,,,,,,,,,,,,,,,,,,,,,,,
,2,2,,,,,,,,,,,,,,,,,,,,,,,,,,,,,,,,,,,,,,,,
,1,1,,,,,,,,,,,,,,,,,,,,,,,,,,,,,,,,,,,,,,,,
,1,1,,,,,,,,,,,,,,,,,,,,,,,,,,,,,,,,,,,,,,,,
,1,1,,,,,,,,,,,,,,,,,,,,,,,,,,,,,,,,,,,,,,,,
,2,2,,,,,,,,,,,,,,,,,,,,,,,,,,,,,,,,,,,,,,,,
,2,1,,,,,,,,,,,,,,,,,,,,,,,,,,,,,,,,,,,,,,,,
,1,1,,,,,,,,,,,,,,,,,,,,,,,,,,,,,,,,,,,,,,,,
,2,3,,,,,,,,,,,,,,,,,,,,,,,,,,,,,,,,,,,,,,,,
,2,1,,,,,,,,,,,,,,,,,,,,,,,,,,,,,,,,,,,,,,,,
,2,1,,,,,,,,,,,,,,,,,,,,,,,,,,,,,,,,,,,,,,,,
,1,1,,,,,,,,,,,,,,,,,,,,,,,,,,,,,,,,,,,,,,,,
,2,1,,,,,,,,,,,,,,,,,,,,,,,,,,,,,,,,,,,,,,,,
,1,1,,,,,,,,,,,,,,,,,,,,,,,,,,,,,,,,,,,,,,,,
,1,5,,,,,,,,,,,,,,,,,,,,,,,,,,,,,,,,,,,,,,,,
,1,1,,,,,,,,,,,,,,,,,,,,,,,,,,,,,,,,,,,,,,,,
,1,1,,,,,,,,,,,,,,,,,,,,,,,,,,,,,,,,,,,,,,,,
,2,1,,,,,,,,,,,,,,,,,,,,,,,,,,,,,,,,,,,,,,,,
,1,2,,,,,,,,,,,,,,,,,,,,,,,,,,,,,,,,,,,,,,,,
,1,1,,,,,,,,,,,,,,,,,,,,,,,,,,,,,,,,,,,,,,,,
,1,1,,,,,,,,,,,,,,,,,,,,,,,,,,,,,,,,,,,,,,,,
,1,1,,,,,,,,,,,,,,,,,,,,,,,,,,,,,,,,,,,,,,,,
,1,1,,,,,,,,,,,,,,,,,,,,,,,,,,,,,,,,,,,,,,,,
,2,1,,,,,,,,,,,,,,,,,,,,,,,,,,,,,,,,,,,,,,,,
,2,1,,,,,,,,,,,,,,,,,,,,,,,,,,,,,,,,,,,,,,,,
,2,2,,,,,,,,,,,,,,,,,,,,,,,,,,,,,,,,,,,,,,,,
,1,2,,,,,,,,,,,,,,,,,,,,,,,,,,,,,,,,,,,,,,,,
,1,4,,,,,,,,,,,,,,,,,,,,,,,,,,,,,,,,,,,,,,,,
,1,5,,,,,,,,,,,,,,,,,,,,,,,,,,,,,,,,,,,,,,,,
,1,5,,,,,,,,,,,,,,,,,,,,,,,,,,,,,,,,,,,,,,,,
,1,2,,,,,,,,,,,,,,,,,,,,,,,,,,,,,,,,,,,,,,,,
,1,4,,,,,,,,,,,,,,,,,,,,,,,,,,,,,,,,,,,,,,,,
,3,2,,,,,,,,,,,,,,,,,,,,,,,,,,,,,,,,,,,,,,,,
,1,2,,,,,,,,,,,,,,,,,,,,,,,,,,,,,,,,,,,,,,,,
,1,4,,,,,,,,,,,,,,,,,,,,,,,,,,,,,,,,,,,,,,,,
,1,2,,,,,,,,,,,,,,,,,,,,,,,,,,,,,,,,,,,,,,,,
,2,4,,,,,,,,,,,,,,,,,,,,,,,,,,,,,,,,,,,,,,,,
,1,2,,,,,,,,,,,,,,,,,,,,,,,,,,,,,,,,,,,,,,,,
,1,1,,,,,,,,,,,,,,,,,,,,,,,,,,,,,,,,,,,,,,,,
,2,1,,,,,,,,,,,,,,,,,,,,,,,,,,,,,,,,,,,,,,,,
,1,1,,,,,,,,,,,,,,,,,,,,,,,,,,,,,,,,,,,,,,,,
,1,1,,,,,,,,,,,,,,,,,,,,,,,,,,,,,,,,,,,,,,,,
,1,2,,,,,,,,,,,,,,,,,,,,,,,,,,,,,,,,,,,,,,,,
,1,1,,,,,,,,,,,,,,,,,,,,,,,,,,,,,,,,,,,,,,,,
,1,1,,,,,,,,,,,,,,,,,,,,,,,,,,,,,,,,,,,,,,,,
,1,1,,,,,,,,,,,,,,,,,,,,,,,,,,,,,,,,,,,,,,,,
,2,2,,,,,,,,,,,,,,,,,,,,,,,,,,,,,,,,,,,,,,,,
,2,2,,,,,,,,,,,,,,,,,,,,,,,,,,,,,,,,,,,,,,,,
,1,2,,,,,,,,,,,,,,,,,,,,,,,,,,,,,,,,,,,,,,,,
,1,2,,,,,,,,,,,,,,,,,,,,,,,,,,,,,,,,,,,,,,,,
,1,3,,,,,,,,,,,,,,,,,,,,,,,,,,,,,,,,,,,,,,,,
,1,1,,,,,,,,,,,,,,,,,,,,,,,,,,,,,,,,,,,,,,,,
,1,10,,,,,,,,,,,,,,,,,,,,,,,,,,,,,,,,,,,,,,,,
,1,3,,,,,,,,,,,,,,,,,,,,,,,,,,,,,,,,,,,,,,,,
,1,1,,,,,,,,,,,,,,,,,,,,,,,,,,,,,,,,,,,,,,,,
,1,4,,,,,,,,,,,,,,,,,,,,,,,,,,,,,,,,,,,,,,,,
,1,1,,,,,,,,,,,,,,,,,,,,,,,,,,,,,,,,,,,,,,,,
,2,3,,,,,,,,,,,,,,,,,,,,,,,,,,,,,,,,,,,,,,,,
,5,1,,,,,,,,,,,,,,,,,,,,,,,,,,,,,,,,,,,,,,,,
,2,1,,,,,,,,,,,,,,,,,,,,,,,,,,,,,,,,,,,,,,,,
,2,1,,,,,,,,,,,,,,,,,,,,,,,,,,,,,,,,,,,,,,,,
,4,1,,,,,,,,,,,,,,,,,,,,,,,,,,,,,,,,,,,,,,,,
,2,5,,,,,,,,,,,,,,,,,,,,,,,,,,,,,,,,,,,,,,,,
,2,1,,,,,,,,,,,,,,,,,,,,,,,,,,,,,,,,,,,,,,,,
,3,1,,,,,,,,,,,,,,,,,,,,,,,,,,,,,,,,,,,,,,,,
,2,1,,,,,,,,,,,,,,,,,,,,,,,,,,,,,,,,,,,,,,,,
,2,2,,,,,,,,,,,,,,,,,,,,,,,,,,,,,,,,,,,,,,,,
,2,1,,,,,,,,,,,,,,,,,,,,,,,,,,,,,,,,,,,,,,,,
,4,1,,,,,,,,,,,,,,,,,,,,,,,,,,,,,,,,,,,,,,,,
,3,2,,,,,,,,,,,,,,,,,,,,,,,,,,,,,,,,,,,,,,,,
,1,1,,,,,,,,,,,,,,,,,,,,,,,,,,,,,,,,,,,,,,,,
,1,1,,,,,,,,,,,,,,,,,,,,,,,,,,,,,,,,,,,,,,,,
,1,1,,,,,,,,,,,,,,,,,,,,,,,,,,,,,,,,,,,,,,,,
,1,1,,,,,,,,,,,,,,,,,,,,,,,,,,,,,,,,,,,,,,,,
,2,1,,,,,,,,,,,,,,,,,,,,,,,,,,,,,,,,,,,,,,,,
,2,2,,,,,,,,,,,,,,,,,,,,,,,,,,,,,,,,,,,,,,,,
,1,2,,,,,,,,,,,,,,,,,,,,,,,,,,,,,,,,,,,,,,,,
,1,2,,,,,,,,,,,,,,,,,,,,,,,,,,,,,,,,,,,,,,,,
,1,1,,,,,,,,,,,,,,,,,,,,,,,,,,,,,,,,,,,,,,,,
,1,1,,,,,,,,,,,,,,,,,,,,,,,,,,,,,,,,,,,,,,,,
,1,1,,,,,,,,,,,,,,,,,,,,,,,,,,,,,,,,,,,,,,,,
,2,1,,,,,,,,,,,,,,,,,,,,,,,,,,,,,,,,,,,,,,,,
,2,1,,,,,,,,,,,,,,,,,,,,,,,,,,,,,,,,,,,,,,,,
,2,1,,,,,,,,,,,,,,,,,,,,,,,,,,,,,,,,,,,,,,,,
,1,2,,,,,,,,,,,,,,,,,,,,,,,,,,,,,,,,,,,,,,,,
,1,2,,,,,,,,,,,,,,,,,,,,,,,,,,,,,,,,,,,,,,,,
,2,1,,,,,,,,,,,,,,,,,,,,,,,,,,,,,,,,,,,,,,,,
,1,2,,,,,,,,,,,,,,,,,,,,,,,,,,,,,,,,,,,,,,,,
,1,1,,,,,,,,,,,,,,,,,,,,,,,,,,,,,,,,,,,,,,,,
,1,2,,,,,,,,,,,,,,,,,,,,,,,,,,,,,,,,,,,,,,,,
,1,3,,,,,,,,,,,,,,,,,,,,,,,,,,,,,,,,,,,,,,,,
,1,1,,,,,,,,,,,,,,,,,,,,,,,,,,,,,,,,,,,,,,,,
,2,1,,,,,,,,,,,,,,,,,,,,,,,,,,,,,,,,,,,,,,,,
,2,1,,,,,,,,,,,,,,,,,,,,,,,,,,,,,,,,,,,,,,,,
,1,1,,,,,,,,,,,,,,,,,,,,,,,,,,,,,,,,,,,,,,,,
,2,1,,,,,,,,,,,,,,,,,,,,,,,,,,,,,,,,,,,,,,,,
,1,1,,,,,,,,,,,,,,,,,,,,,,,,,,,,,,,,,,,,,,,,
,1,6,,,,,,,,,,,,,,,,,,,,,,,,,,,,,,,,,,,,,,,,
,1,1,,,,,,,,,,,,,,,,,,,,,,,,,,,,,,,,,,,,,,,,
,2,1,,,,,,,,,,,,,,,,,,,,,,,,,,,,,,,,,,,,,,,,
,1,2,,,,,,,,,,,,,,,,,,,,,,,,,,,,,,,,,,,,,,,,
,1,2,,,,,,,,,,,,,,,,,,,,,,,,,,,,,,,,,,,,,,,,
,1,2,,,,,,,,,,,,,,,,,,,,,,,,,,,,,,,,,,,,,,,,
,1,1,,,,,,,,,,,,,,,,,,,,,,,,,,,,,,,,,,,,,,,,
,1,1,,,,,,,,,,,,,,,,,,,,,,,,,,,,,,,,,,,,,,,,
,1,1,,,,,,,,,,,,,,,,,,,,,,,,,,,,,,,,,,,,,,,,
,2,1,,,,,,,,,,,,,,,,,,,,,,,,,,,,,,,,,,,,,,,,
,1,1,,,,,,,,,,,,,,,,,,,,,,,,,,,,,,,,,,,,,,,,
,1,1,,,,,,,,,,,,,,,,,,,,,,,,,,,,,,,,,,,,,,,,
,1,1,,,,,,,,,,,,,,,,,,,,,,,,,,,,,,,,,,,,,,,,
,1,2,,,,,,,,,,,,,,,,,,,,,,,,,,,,,,,,,,,,,,,,
,1,1,,,,,,,,,,,,,,,,,,,,,,,,,,,,,,,,,,,,,,,,
,2,1,,,,,,,,,,,,,,,,,,,,,,,,,,,,,,,,,,,,,,,,
,2,1,,,,,,,,,,,,,,,,,,,,,,,,,,,,,,,,,,,,,,,,
,1,1,,,,,,,,,,,,,,,,,,,,,,,,,,,,,,,,,,,,,,,,
,1,1,,,,,,,,,,,,,,,,,,,,,,,,,,,,,,,,,,,,,,,,
,1,1,,,,,,,,,,,,,,,,,,,,,,,,,,,,,,,,,,,,,,,,
,1,1,,,,,,,,,,,,,,,,,,,,,,,,,,,,,,,,,,,,,,,,
,1,1,,,,,,,,,,,,,,,,,,,,,,,,,,,,,,,,,,,,,,,,
,1,2,,,,,,,,,,,,,,,,,,,,,,,,,,,,,,,,,,,,,,,,
,1,1,,,,,,,,,,,,,,,,,,,,,,,,,,,,,,,,,,,,,,,,
,1,1,,,,,,,,,,,,,,,,,,,,,,,,,,,,,,,,,,,,,,,,
,1,1,,,,,,,,,,,,,,,,,,,,,,,,,,,,,,,,,,,,,,,,
,2,1,,,,,,,,,,,,,,,,,,,,,,,,,,,,,,,,,,,,,,,,
,1,1,,,,,,,,,,,,,,,,,,,,,,,,,,,,,,,,,,,,,,,,
,1,1,,,,,,,,,,,,,,,,,,,,,,,,,,,,,,,,,,,,,,,,
,1,1,,,,,,,,,,,,,,,,,,,,,,,,,,,,,,,,,,,,,,,,
,2,1,,,,,,,,,,,,,,,,,,,,,,,,,,,,,,,,,,,,,,,,
,1,1,,,,,,,,,,,,,,,,,,,,,,,,,,,,,,,,,,,,,,,,
,1,2,,,,,,,,,,,,,,,,,,,,,,,,,,,,,,,,,,,,,,,,
,1,2,,,,,,,,,,,,,,,,,,,,,,,,,,,,,,,,,,,,,,,,
,2,1,,,,,,,,,,,,,,,,,,,,,,,,,,,,,,,,,,,,,,,,
,1,2,,,,,,,,,,,,,,,,,,,,,,,,,,,,,,,,,,,,,,,,
,1,1,,,,,,,,,,,,,,,,,,,,,,,,,,,,,,,,,,,,,,,,
,1,1,,,,,,,,,,,,,,,,,,,,,,,,,,,,,,,,,,,,,,,,
,2,2,,,,,,,,,,,,,,,,,,,,,,,,,,,,,,,,,,,,,,,,
,2,2,,,,,,,,,,,,,,,,,,,,,,,,,,,,,,,,,,,,,,,,
,1,1,,,,,,,,,,,,,,,,,,,,,,,,,,,,,,,,,,,,,,,,
,1,1,,,,,,,,,,,,,,,,,,,,,,,,,,,,,,,,,,,,,,,,
,1,1,,,,,,,,,,,,,,,,,,,,,,,,,,,,,,,,,,,,,,,,
,1,5,,,,,,,,,,,,,,,,,,,,,,,,,,,,,,,,,,,,,,,,
,16,1,,,,,,,,,,,,,,,,,,,,,,,,,,,,,,,,,,,,,,,,
,1,4,,,,,,,,,,,,,,,,,,,,,,,,,,,,,,,,,,,,,,,,
,1,1,,,,,,,,,,,,,,,,,,,,,,,,,,,,,,,,,,,,,,,,
,1,1,,,,,,,,,,,,,,,,,,,,,,,,,,,,,,,,,,,,,,,,
,2,2,,,,,,,,,,,,,,,,,,,,,,,,,,,,,,,,,,,,,,,,
,1,1,,,,,,,,,,,,,,,,,,,,,,,,,,,,,,,,,,,,,,,,
,1,1,,,,,,,,,,,,,,,,,,,,,,,,,,,,,,,,,,,,,,,,
,1,1,,,,,,,,,,,,,,,,,,,,,,,,,,,,,,,,,,,,,,,,
,1,2,,,,,,,,,,,,,,,,,,,,,,,,,,,,,,,,,,,,,,,,
,4,2,,,,,,,,,,,,,,,,,,,,,,,,,,,,,,,,,,,,,,,,
,5,1,,,,,,,,,,,,,,,,,,,,,,,,,,,,,,,,,,,,,,,,
,4,1,,,,,,,,,,,,,,,,,,,,,,,,,,,,,,,,,,,,,,,,
,1,1,,,,,,,,,,,,,,,,,,,,,,,,,,,,,,,,,,,,,,,,
,1,1,,,,,,,,,,,,,,,,,,,,,,,,,,,,,,,,,,,,,,,,
,1,1,,,,,,,,,,,,,,,,,,,,,,,,,,,,,,,,,,,,,,,,
,1,1,,,,,,,,,,,,,,,,,,,,,,,,,,,,,,,,,,,,,,,,
,2,2,,,,,,,,,,,,,,,,,,,,,,,,,,,,,,,,,,,,,,,,
,1,2,,,,,,,,,,,,,,,,,,,,,,,,,,,,,,,,,,,,,,,,
,2,2,,,,,,,,,,,,,,,,,,,,,,,,,,,,,,,,,,,,,,,,
,2,2,,,,,,,,,,,,,,,,,,,,,,,,,,,,,,,,,,,,,,,,
,2,2,,,,,,,,,,,,,,,,,,,,,,,,,,,,,,,,,,,,,,,,
,1,1,,,,,,,,,,,,,,,,,,,,,,,,,,,,,,,,,,,,,,,,
,1,1,,,,,,,,,,,,,,,,,,,,,,,,,,,,,,,,,,,,,,,,
,1,4,,,,,,,,,,,,,,,,,,,,,,,,,,,,,,,,,,,,,,,,
,1,2,,,,,,,,,,,,,,,,,,,,,,,,,,,,,,,,,,,,,,,,
,1,5,,,,,,,,,,,,,,,,,,,,,,,,,,,,,,,,,,,,,,,,
,1,2,,,,,,,,,,,,,,,,,,,,,,,,,,,,,,,,,,,,,,,,
,1,2,,,,,,,,,,,,,,,,,,,,,,,,,,,,,,,,,,,,,,,,
,1,1,,,,,,,,,,,,,,,,,,,,,,,,,,,,,,,,,,,,,,,,
,1,1,,,,,,,,,,,,,,,,,,,,,,,,,,,,,,,,,,,,,,,,
,1,2,,,,,,,,,,,,,,,,,,,,,,,,,,,,,,,,,,,,,,,,
,1,1,,,,,,,,,,,,,,,,,,,,,,,,,,,,,,,,,,,,,,,,
,3,1,,,,,,,,,,,,,,,,,,,,,,,,,,,,,,,,,,,,,,,,
,1,1,,,,,,,,,,,,,,,,,,,,,,,,,,,,,,,,,,,,,,,,
,1,1,,,,,,,,,,,,,,,,,,,,,,,,,,,,,,,,,,,,,,,,
,2,1,,,,,,,,,,,,,,,,,,,,,,,,,,,,,,,,,,,,,,,,
,2,2,,,,,,,,,,,,,,,,,,,,,,,,,,,,,,,,,,,,,,,,
,2,1,,,,,,,,,,,,,,,,,,,,,,,,,,,,,,,,,,,,,,,,
,1,1,,,,,,,,,,,,,,,,,,,,,,,,,,,,,,,,,,,,,,,,
,1,1,,,,,,,,,,,,,,,,,,,,,,,,,,,,,,,,,,,,,,,,
,2,4,,,,,,,,,,,,,,,,,,,,,,,,,,,,,,,,,,,,,,,,
,1,2,,,,,,,,,,,,,,,,,,,,,,,,,,,,,,,,,,,,,,,,
,1,1,,,,,,,,,,,,,,,,,,,,,,,,,,,,,,,,,,,,,,,,
,1,1,,,,,,,,,,,,,,,,,,,,,,,,,,,,,,,,,,,,,,,,
,4,2,,,,,,,,,,,,,,,,,,,,,,,,,,,,,,,,,,,,,,,,
,1,1,,,,,,,,,,,,,,,,,,,,,,,,,,,,,,,,,,,,,,,,
,1,5,,,,,,,,,,,,,,,,,,,,,,,,,,,,,,,,,,,,,,,,
,1,3,,,,,,,,,,,,,,,,,,,,,,,,,,,,,,,,,,,,,,,,
,6,7,,,,,,,,,,,,,,,,,,,,,,,,,,,,,,,,,,,,,,,,
,2,1,,,,,,,,,,,,,,,,,,,,,,,,,,,,,,,,,,,,,,,,
,1,2,,,,,,,,,,,,,,,,,,,,,,,,,,,,,,,,,,,,,,,,
,1,1,,,,,,,,,,,,,,,,,,,,,,,,,,,,,,,,,,,,,,,,
,1,1,,,,,,,,,,,,,,,,,,,,,,,,,,,,,,,,,,,,,,,,
,1,1,,,,,,,,,,,,,,,,,,,,,,,,,,,,,,,,,,,,,,,,
,1,2,,,,,,,,,,,,,,,,,,,,,,,,,,,,,,,,,,,,,,,,
,9,5,,,,,,,,,,,,,,,,,,,,,,,,,,,,,,,,,,,,,,,,
,1,1,,,,,,,,,,,,,,,,,,,,,,,,,,,,,,,,,,,,,,,,